alumni_id,angkatan_lulus,gender,ipk,magang,sertifikasi,english_proficiency_1_5,projects_count,status_saat_ini,sektor,level_jabatan,jenis_kontrak,provinsi_tempat_kerja,channel_mendapat_kerja,ttfj_bulan,gaji_awal_idr,kesesuaian_bidang_1_5,relevansi_kurikulum_1_5,nps_0_10,kepuasan_1_5
AE10000,2024,Pria,2.72,1,0,3,6,Bekerja,Telekom,Junior,Kontrak,Jawa Barat,Karir Kampus,5.8,7032535.0,3,5,4,3
AE10001,2021,Pria,3.08,0,0,3,7,Bekerja,Energi,Middle,Tetap,Jawa Timur,Referensi,5.0,11865676.0,4,5,10,5
AE10002,2023,Wanita,3.03,1,0,2,8,Studi Lanjut,Manufaktur,Senior,Tetap,Banten,Referensi,,,4,2,4,3
AE10003,2023,Pria,3.24,0,1,1,2,Bekerja,Manufaktur,Junior,Kontrak,Jawa Barat,Portal Kerja,2.9,6148148.0,3,4,7,4
AE10004,2024,Pria,3.26,1,1,1,3,Bekerja,Keuangan,Middle,Kontrak,DKI Jakarta,Referensi,4.0,12330614.0,4,2,8,4
AE10005,2019,Pria,3.13,1,1,3,4,Studi Lanjut,Manufaktur,Junior,Tetap,DKI Jakarta,Konversi Magang,,,4,5,3,3
AE10006,2021,Wanita,3.03,1,1,4,4,Bekerja,Pendidikan,Junior,Tetap,DKI Jakarta,Konversi Magang,0.0,5672309.0,4,3,8,3
AE10007,2024,Pria,2.67,0,0,2,2,Belum Bekerja,Pendidikan,Senior,Magang,Jawa Timur,Konversi Magang,,,4,4,6,4
AE10008,2023,Pria,3.04,0,1,2,1,Belum Bekerja,Manufaktur,Junior,Tetap,Jawa Barat,Konversi Magang,,,3,4,9,5
AE10009,2021,Wanita,3.35,0,0,2,3,Studi Lanjut,Pendidikan,Middle,Kontrak,DKI Jakarta,Karir Kampus,,,4,4,6,4
AE10010,2021,Wanita,3.17,0,0,4,2,Bekerja,TIK,Intern/Apprentice,Magang,Jawa Timur,Referensi,5.9,4443067.0,3,2,7,4
AE10011,2020,Pria,3.56,0,0,3,4,Bekerja,Konstruksi,Junior,Tetap,Jawa Barat,Konversi Magang,8.2,5889175.0,5,4,10,4
AE10012,2020,Wanita,3.14,1,0,4,3,Wirausaha,Manufaktur,Junior,Kontrak,Jawa Timur,Portal Kerja,2.4,6920353.0,4,3,10,3
AE10013,2020,Wanita,3.01,0,0,3,4,Wirausaha,Manufaktur,Junior,Tetap,Jawa Barat,Portal Kerja,5.1,7345553.0,4,2,9,4
AE10014,2024,Pria,3.0,1,0,3,6,Bekerja,Konstruksi,Senior,Tetap,Jawa Barat,Konversi Magang,6.3,12688834.0,5,3,5,5
AE10015,2021,Wanita,2.77,1,0,3,3,Bekerja,Manufaktur,Junior,Kontrak,Jawa Barat,Portal Kerja,3.5,5889381.0,5,3,7,2
AE10016,2019,Wanita,3.36,1,1,2,4,Bekerja,Keuangan,Junior,Tetap,Jawa Barat,Portal Kerja,7.7,7169248.0,3,3,5,3
AE10017,2022,Pria,2.79,1,0,3,3,Bekerja,Lainnya,Middle,Kontrak,Banten,Karir Kampus,0.1,9079923.0,4,4,10,4
AE10018,2021,Pria,3.69,1,0,3,2,Bekerja,TIK,Junior,Magang,DKI Jakarta,Portal Kerja,9.3,7560254.0,2,4,7,4
AE10019,2020,Wanita,2.97,0,0,3,6,Bekerja,Lainnya,Intern/Apprentice,Kontrak,DKI Jakarta,Portal Kerja,4.7,4116851.0,3,3,9,3
AE10020,2020,Pria,3.03,1,0,3,3,Bekerja,Keuangan,Junior,Tetap,DKI Jakarta,Portal Kerja,2.6,6437806.0,4,5,8,4
AE10021,2022,Wanita,3.03,1,1,2,0,Belum Bekerja,Pemerintahan,Junior,Tetap,Jawa Barat,Referensi,,,4,3,8,5
AE10022,2022,Wanita,3.34,0,1,2,2,Bekerja,Telekom,Junior,Tetap,DKI Jakarta,Media Sosial,3.2,6377586.0,4,3,8,4
AE10023,2024,Wanita,3.47,1,0,3,3,Wirausaha,TIK,Middle,Magang,Jawa Barat,Referensi,9.7,11424544.0,5,4,10,5
AE10024,2019,Wanita,3.4,1,0,4,0,Belum Bekerja,Konstruksi,Middle,Tetap,Banten,Referensi,,,3,4,9,5
AE10025,2022,Pria,3.72,0,1,3,1,Bekerja,Lainnya,Middle,Tetap,DKI Jakarta,Portal Kerja,8.0,8581913.0,3,4,8,2
AE10026,2021,Wanita,2.95,1,1,3,3,Bekerja,Telekom,Middle,Tetap,DKI Jakarta,Konversi Magang,6.3,10863460.0,5,2,10,4
AE10027,2022,Pria,3.48,1,0,2,8,Bekerja,Energi,Junior,Tetap,Jawa Barat,Konversi Magang,0.3,6339532.0,4,4,10,2
AE10028,2024,Pria,3.57,1,0,4,6,Bekerja,Telekom,Middle,Kontrak,DKI Jakarta,Karir Kampus,5.7,9732582.0,5,5,3,3
AE10029,2024,Pria,3.07,1,0,3,3,Wirausaha,Konstruksi,Middle,Kontrak,Jawa Barat,Portal Kerja,2.9,7141246.0,4,4,7,5
AE10030,2023,Pria,3.32,1,0,3,2,Bekerja,Pemerintahan,Junior,Tetap,Jawa Timur,Portal Kerja,0.0,7167764.0,4,4,10,3
AE10031,2023,Wanita,3.42,0,0,3,1,Bekerja,TIK,Senior,Kontrak,Jawa Timur,Referensi,5.7,14678416.0,3,5,10,4
AE10032,2021,Wanita,2.48,1,0,3,6,Bekerja,Energi,Middle,Tetap,DKI Jakarta,Portal Kerja,4.0,7888289.0,4,3,7,4
AE10033,2022,Wanita,3.16,1,0,4,4,Bekerja,Manufaktur,Junior,Kontrak,Jawa Barat,Portal Kerja,3.0,6333855.0,4,3,10,4
AE10034,2023,Wanita,3.22,0,0,3,2,Bekerja,TIK,Intern/Apprentice,Kontrak,Jawa Barat,Media Sosial,6.7,5445414.0,4,3,3,5
AE10035,2023,Pria,3.02,1,1,4,4,Bekerja,TIK,Senior,Kontrak,DKI Jakarta,Portal Kerja,5.1,12814719.0,5,4,6,3
AE10036,2022,Pria,2.8,1,0,3,4,Bekerja,Telekom,Junior,Tetap,Jawa Barat,Karir Kampus,0.7,8689001.0,5,5,9,4
AE10037,2023,Wanita,2.89,0,0,4,6,Bekerja,TIK,Junior,Tetap,Jawa Timur,Portal Kerja,6.8,8501394.0,5,4,7,3
AE10038,2023,Pria,3.3,1,1,2,3,Bekerja,Lainnya,Junior,Kontrak,DI Yogyakarta,Inisiatif Pribadi,6.9,6079970.0,4,3,5,3
AE10039,2021,Wanita,3.25,1,0,3,1,Bekerja,Konstruksi,Junior,Kontrak,Jawa Timur,Portal Kerja,6.4,5568345.0,3,3,7,3
AE10040,2022,Pria,3.35,0,1,4,5,Bekerja,Telekom,Junior,Kontrak,DI Yogyakarta,Referensi,9.7,7412814.0,4,5,6,4
AE10041,2021,Wanita,3.14,1,1,4,2,Belum Bekerja,Keuangan,Junior,Kontrak,Jawa Tengah,Konversi Magang,,,4,2,5,3
AE10042,2023,Pria,3.13,0,0,3,3,Bekerja,Manufaktur,Junior,Tetap,DKI Jakarta,Referensi,8.2,6606166.0,4,3,9,4
AE10043,2022,Pria,3.18,0,1,3,6,Bekerja,Manufaktur,Junior,Kontrak,Lainnya,Konversi Magang,8.5,8064098.0,5,3,7,3
AE10044,2022,Pria,3.48,0,1,4,5,Bekerja,TIK,Junior,Tetap,Jawa Barat,Portal Kerja,3.1,6238915.0,5,4,8,4
AE10045,2022,Pria,3.23,0,1,2,2,Bekerja,Lainnya,Junior,Tetap,DKI Jakarta,Karir Kampus,13.1,5095451.0,4,3,6,3
AE10046,2020,Pria,3.58,1,0,3,4,Bekerja,Energi,Junior,Tetap,DKI Jakarta,Portal Kerja,6.5,7379216.0,2,4,9,5
AE10047,2024,Pria,2.61,1,0,5,2,Bekerja,Konstruksi,Middle,Kontrak,DI Yogyakarta,Karir Kampus,6.9,9437231.0,4,2,6,5
AE10048,2022,Pria,3.12,1,0,4,4,Bekerja,Pendidikan,Middle,Kontrak,Jawa Tengah,Karir Kampus,3.3,6084260.0,3,3,9,3
AE10049,2024,Wanita,3.98,1,1,3,2,Bekerja,Konstruksi,Junior,Tetap,DKI Jakarta,Konversi Magang,0.0,6900683.0,2,4,9,5
AE10050,2020,Wanita,2.98,0,1,4,3,Bekerja,TIK,Junior,Tetap,Jawa Barat,Portal Kerja,6.1,8519111.0,3,4,10,4
AE10051,2024,Pria,2.76,0,0,3,2,Bekerja,Telekom,Middle,Kontrak,DKI Jakarta,Referensi,5.8,10317969.0,5,4,10,4
AE10052,2021,Pria,2.97,0,0,3,1,Belum Bekerja,Telekom,Middle,Tetap,DKI Jakarta,Portal Kerja,,,4,3,6,4
AE10053,2021,Pria,3.03,1,0,1,3,Wirausaha,Manufaktur,Middle,Kontrak,Jawa Barat,Konversi Magang,6.7,10841769.0,4,4,8,4
AE10054,2023,Pria,3.24,0,0,4,4,Bekerja,Lainnya,Middle,Magang,Banten,Konversi Magang,9.4,8918247.0,5,2,9,3
AE10055,2023,Wanita,3.34,1,0,3,5,Bekerja,Manufaktur,Junior,Kontrak,DKI Jakarta,Referensi,4.7,7569309.0,5,4,7,5
AE10056,2024,Pria,2.76,1,0,1,8,Bekerja,Manufaktur,Intern/Apprentice,Tetap,DKI Jakarta,Media Sosial,3.2,3718229.0,3,4,5,3
AE10057,2024,Wanita,2.96,1,1,4,1,Bekerja,Telekom,Middle,Tetap,DKI Jakarta,Portal Kerja,6.0,7899269.0,5,4,7,3
AE10058,2024,Pria,3.49,0,0,3,1,Bekerja,Lainnya,Junior,Tetap,Jawa Tengah,Konversi Magang,3.6,5516203.0,3,4,9,4
AE10059,2022,Pria,3.06,0,1,3,2,Bekerja,Pemerintahan,Junior,Kontrak,Jawa Barat,Portal Kerja,7.3,6773431.0,4,5,7,3
AE10060,2021,Wanita,2.62,0,1,3,3,Bekerja,TIK,Middle,Tetap,Banten,Portal Kerja,1.7,10035974.0,5,2,5,2
AE10061,2020,Pria,3.42,1,1,3,2,Bekerja,Manufaktur,Junior,Kontrak,DKI Jakarta,Referensi,1.6,6872382.0,5,4,8,5
AE10062,2021,Pria,2.95,1,1,4,2,Bekerja,Telekom,Junior,Tetap,Jawa Barat,Konversi Magang,6.3,5984067.0,5,5,4,4
AE10063,2021,Pria,3.36,1,0,3,4,Bekerja,Pemerintahan,Middle,Tetap,DKI Jakarta,Referensi,1.2,6659489.0,3,5,5,5
AE10064,2022,Pria,3.3,1,1,2,5,Bekerja,Konstruksi,Intern/Apprentice,Tetap,Jawa Barat,Portal Kerja,3.9,3647061.0,4,3,8,5
AE10065,2022,Wanita,3.0,1,0,5,4,Bekerja,Energi,Junior,Tetap,Jawa Timur,Referensi,5.2,7416780.0,3,3,10,3
AE10066,2019,Pria,2.93,0,0,5,4,Bekerja,Energi,Junior,Kontrak,DKI Jakarta,Referensi,6.4,8703090.0,3,4,10,3
AE10067,2022,Pria,2.91,1,0,3,4,Bekerja,TIK,Junior,Tetap,Lainnya,Referensi,1.1,7736834.0,4,4,10,3
AE10068,2023,Wanita,3.12,1,0,3,2,Bekerja,Konstruksi,Middle,Tetap,Jawa Barat,Inisiatif Pribadi,1.1,8810865.0,4,4,6,5
AE10069,2022,Pria,2.56,1,0,3,4,Studi Lanjut,Konstruksi,Junior,Kontrak,Jawa Tengah,Portal Kerja,,,5,2,7,4
AE10070,2019,Pria,3.01,1,1,4,2,Bekerja,Manufaktur,Junior,Kontrak,DKI Jakarta,Konversi Magang,9.0,5465581.0,4,3,10,3
AE10071,2019,Pria,3.05,1,1,4,2,Bekerja,Keuangan,Junior,Kontrak,Jawa Barat,Konversi Magang,0.0,7839815.0,3,4,10,4
AE10072,2020,Wanita,3.19,0,0,4,3,Bekerja,Lainnya,Junior,Kontrak,DKI Jakarta,Portal Kerja,6.0,6955884.0,4,3,5,3
AE10073,2023,Pria,3.19,1,1,1,5,Bekerja,Lainnya,Intern/Apprentice,Tetap,Jawa Barat,Media Sosial,2.6,3796213.0,3,3,7,4
AE10074,2024,Pria,3.05,1,1,2,2,Bekerja,TIK,Junior,Tetap,Jawa Barat,Referensi,9.2,6013156.0,5,4,6,5
AE10075,2021,Pria,3.43,1,1,4,1,Bekerja,TIK,Junior,Kontrak,DKI Jakarta,Konversi Magang,8.4,8603512.0,3,4,10,4
AE10076,2024,Wanita,3.54,1,0,2,7,Bekerja,Manufaktur,Junior,Tetap,Jawa Tengah,Portal Kerja,8.5,5256705.0,5,3,7,3
AE10077,2023,Pria,3.22,0,1,1,5,Belum Bekerja,Konstruksi,Senior,Tetap,Jawa Timur,Referensi,,,5,4,6,5
AE10078,2020,Pria,3.22,1,1,3,4,Bekerja,Energi,Intern/Apprentice,Tetap,Jawa Barat,Portal Kerja,1.4,4030854.0,3,4,9,4
AE10079,2023,Pria,2.94,1,1,4,3,Bekerja,TIK,Junior,Tetap,Jawa Tengah,Portal Kerja,5.2,7374071.0,5,3,6,5
AE10080,2022,Pria,3.3,0,1,5,6,Bekerja,TIK,Junior,Kontrak,Jawa Barat,Referensi,5.0,9720160.0,3,5,5,3
AE10081,2022,Pria,3.25,1,0,4,6,Wirausaha,TIK,Middle,Tetap,Jawa Barat,Portal Kerja,2.6,11639264.0,2,3,10,3
AE10082,2023,Pria,3.74,1,0,3,4,Bekerja,Energi,Middle,Tetap,Jawa Tengah,Referensi,5.0,8544977.0,5,3,6,4
AE10083,2024,Pria,3.03,1,0,2,4,Bekerja,TIK,Middle,Tetap,Jawa Timur,Portal Kerja,5.9,10977967.0,3,4,9,4
AE10084,2020,Pria,3.2,1,1,4,5,Studi Lanjut,Manufaktur,Junior,Tetap,Jawa Timur,Referensi,,,3,5,7,2
AE10085,2024,Wanita,3.1,1,0,3,5,Bekerja,Manufaktur,Junior,Tetap,DKI Jakarta,Portal Kerja,9.8,7720895.0,5,4,10,4
AE10086,2021,Pria,2.92,1,1,3,4,Bekerja,Konstruksi,Middle,Tetap,DKI Jakarta,Portal Kerja,4.5,7350889.0,3,3,6,4
AE10087,2023,Wanita,3.22,1,1,4,2,Bekerja,Manufaktur,Junior,Tetap,DKI Jakarta,Konversi Magang,4.5,5420720.0,3,4,5,3
AE10088,2021,Pria,3.17,1,0,4,2,Bekerja,Manufaktur,Middle,Tetap,Banten,Inisiatif Pribadi,4.0,10038164.0,4,3,8,4
AE10089,2020,Pria,3.81,0,0,3,6,Belum Bekerja,Pendidikan,Middle,Tetap,Jawa Barat,Media Sosial,,,4,5,5,4
AE10090,2019,Pria,2.44,1,0,3,4,Bekerja,Pemerintahan,Senior,Kontrak,Jawa Barat,Portal Kerja,6.3,11130448.0,5,4,9,3
AE10091,2023,Pria,3.79,0,0,4,4,Belum Bekerja,TIK,Middle,Tetap,DKI Jakarta,Portal Kerja,,,4,4,5,5
AE10092,2021,Pria,3.08,0,0,4,2,Bekerja,Konstruksi,Middle,Tetap,Jawa Barat,Karir Kampus,2.2,6581517.0,4,2,8,5
AE10093,2021,Wanita,3.16,1,0,2,6,Bekerja,Konstruksi,Senior,Kontrak,Jawa Barat,Portal Kerja,2.3,12058290.0,4,4,10,4
AE10094,2024,Wanita,2.83,0,1,3,5,Bekerja,Konstruksi,Junior,Kontrak,Jawa Barat,Portal Kerja,4.7,6429560.0,3,4,7,4
AE10095,2021,Wanita,3.01,1,0,2,4,Bekerja,Manufaktur,Junior,Tetap,DKI Jakarta,Karir Kampus,7.4,7358726.0,3,5,9,3
AE10096,2023,Pria,2.86,1,0,2,0,Bekerja,Telekom,Junior,Kontrak,Jawa Timur,Portal Kerja,3.5,6858742.0,4,3,5,4
AE10097,2022,Pria,3.52,1,1,4,6,Belum Bekerja,Energi,Junior,Kontrak,DKI Jakarta,Portal Kerja,,,4,5,9,3
AE10098,2020,Wanita,3.48,1,0,4,1,Bekerja,Konstruksi,Junior,Kontrak,Jawa Timur,Karir Kampus,7.9,7780280.0,3,4,5,4
AE10099,2020,Pria,3.25,1,0,3,3,Bekerja,Pendidikan,Junior,Tetap,Jawa Tengah,Portal Kerja,3.0,5714502.0,4,4,10,4
AE10100,2019,Wanita,3.26,1,0,3,1,Studi Lanjut,Telekom,Junior,Kontrak,DKI Jakarta,Portal Kerja,,,3,4,7,4
AE10101,2020,Wanita,3.11,0,0,4,2,Wirausaha,Konstruksi,Junior,Tetap,Jawa Barat,Referensi,6.6,6621549.0,2,2,7,4
AE10102,2023,Pria,3.16,1,0,5,2,Belum Bekerja,Pemerintahan,Junior,Tetap,Jawa Barat,Portal Kerja,,,4,3,8,5
AE10103,2023,Pria,3.19,1,0,4,3,Bekerja,Keuangan,Junior,Tetap,DKI Jakarta,Konversi Magang,3.9,7527139.0,3,3,7,3
AE10104,2022,Pria,3.64,1,1,5,2,Bekerja,Lainnya,Junior,Tetap,Jawa Barat,Konversi Magang,6.0,7227035.0,3,3,7,4
AE10105,2021,Wanita,3.25,1,1,1,6,Wirausaha,Telekom,Middle,Tetap,Jawa Barat,Referensi,0.5,8431795.0,5,3,8,4
AE10106,2022,Wanita,3.44,1,0,4,7,Bekerja,Telekom,Junior,Tetap,Jawa Barat,Referensi,1.1,6896795.0,3,4,4,5
AE10107,2022,Pria,3.33,0,0,4,2,Bekerja,Manufaktur,Intern/Apprentice,Tetap,DKI Jakarta,Karir Kampus,10.9,4449280.0,4,4,6,4
AE10108,2022,Pria,3.04,1,1,4,4,Bekerja,Konstruksi,Middle,Tetap,DKI Jakarta,Portal Kerja,6.4,9245421.0,3,4,5,5
AE10109,2019,Pria,3.24,0,1,4,7,Bekerja,Manufaktur,Junior,Magang,Jawa Barat,Portal Kerja,6.2,6676955.0,5,2,8,4
AE10110,2021,Wanita,3.03,1,0,4,3,Belum Bekerja,Telekom,Senior,Tetap,DKI Jakarta,Konversi Magang,,,4,2,10,4
AE10111,2022,Wanita,2.86,1,0,2,6,Bekerja,TIK,Junior,Kontrak,Jawa Tengah,Portal Kerja,5.4,7915116.0,4,2,6,5
AE10112,2023,Pria,3.24,1,1,3,2,Wirausaha,Manufaktur,Senior,Tetap,Banten,Portal Kerja,9.8,9729902.0,5,4,4,5
AE10113,2022,Wanita,3.29,0,0,4,3,Bekerja,Pemerintahan,Junior,Tetap,DI Yogyakarta,Inisiatif Pribadi,0.8,6773727.0,3,3,7,2
AE10114,2021,Wanita,3.14,1,0,4,3,Bekerja,TIK,Junior,Kontrak,DKI Jakarta,Media Sosial,0.4,7470873.0,3,5,10,4
AE10115,2023,Wanita,2.71,0,0,3,4,Bekerja,Manufaktur,Middle,Tetap,DI Yogyakarta,Portal Kerja,5.9,10320000.0,5,2,8,4
AE10116,2022,Wanita,3.72,1,0,4,5,Bekerja,Keuangan,Junior,Tetap,Jawa Barat,Portal Kerja,5.8,6308641.0,4,5,10,5
AE10117,2022,Pria,2.83,1,1,3,2,Studi Lanjut,Konstruksi,Intern/Apprentice,Kontrak,Jawa Barat,Konversi Magang,,,3,5,5,3
AE10118,2023,Pria,2.79,1,1,4,4,Bekerja,Lainnya,Middle,Tetap,DKI Jakarta,Portal Kerja,8.0,8649246.0,4,5,6,5
AE10119,2020,Wanita,2.94,1,1,4,1,Bekerja,Konstruksi,Junior,Tetap,Jawa Barat,Konversi Magang,7.5,6232003.0,2,4,6,4
AE10120,2022,Wanita,2.94,1,1,4,0,Belum Bekerja,Keuangan,Intern/Apprentice,Tetap,Jawa Tengah,Referensi,,,4,3,10,5
AE10121,2019,Wanita,3.39,1,0,5,4,Bekerja,TIK,Middle,Magang,Lainnya,Karir Kampus,9.1,13373891.0,3,2,8,5
AE10122,2020,Wanita,3.69,1,0,3,1,Bekerja,Manufaktur,Junior,Tetap,Banten,Konversi Magang,8.2,6787653.0,4,4,9,4
AE10123,2023,Pria,3.2,0,0,4,3,Bekerja,Manufaktur,Junior,Tetap,Jawa Timur,Konversi Magang,5.7,6504322.0,4,4,9,4
AE10124,2024,Wanita,3.15,1,0,2,3,Wirausaha,Manufaktur,Junior,Tetap,Jawa Timur,Referensi,5.8,6209767.0,3,5,10,3
AE10125,2021,Wanita,3.51,0,0,3,4,Studi Lanjut,Lainnya,Senior,Tetap,Jawa Barat,Konversi Magang,,,3,4,8,4
AE10126,2022,Pria,3.08,1,0,2,1,Bekerja,Pemerintahan,Senior,Tetap,Jawa Timur,Referensi,3.6,11210061.0,4,2,9,4
AE10127,2022,Pria,3.27,1,0,4,4,Bekerja,Konstruksi,Junior,Kontrak,Jawa Timur,Portal Kerja,3.6,6374237.0,3,3,8,5
AE10128,2021,Pria,3.23,0,0,3,5,Bekerja,Keuangan,Junior,Magang,DKI Jakarta,Referensi,4.5,5919574.0,2,3,4,3
AE10129,2022,Pria,2.84,0,1,5,3,Bekerja,TIK,Middle,Tetap,Jawa Barat,Referensi,4.3,10613324.0,3,4,6,3
AE10130,2022,Pria,3.03,1,1,5,6,Studi Lanjut,TIK,Middle,Tetap,Jawa Barat,Portal Kerja,,,4,3,6,4
AE10131,2020,Pria,3.66,1,1,1,0,Bekerja,Telekom,Junior,Tetap,Jawa Barat,Media Sosial,4.9,8395676.0,2,5,8,4
AE10132,2019,Wanita,2.61,1,1,2,2,Bekerja,Pendidikan,Senior,Tetap,DKI Jakarta,Referensi,0.0,7260970.0,4,5,5,5
AE10133,2021,Wanita,3.34,0,0,4,3,Bekerja,Manufaktur,Junior,Tetap,DKI Jakarta,Portal Kerja,9.9,6361716.0,4,5,9,4
AE10134,2021,Wanita,3.52,1,1,2,2,Bekerja,Lainnya,Junior,Tetap,Jawa Tengah,Portal Kerja,0.0,5372500.0,2,4,7,4
AE10135,2022,Wanita,3.4,1,1,3,2,Wirausaha,Manufaktur,Junior,Tetap,DKI Jakarta,Portal Kerja,3.6,6055412.0,4,5,8,3
AE10136,2020,Wanita,2.92,0,1,4,5,Bekerja,TIK,Intern/Apprentice,Kontrak,DKI Jakarta,Referensi,6.3,4355569.0,4,4,9,4
AE10137,2024,Pria,3.49,1,1,5,5,Belum Bekerja,Manufaktur,Junior,Tetap,Jawa Barat,Inisiatif Pribadi,,,4,3,10,4
AE10138,2021,Pria,3.5,1,0,3,5,Studi Lanjut,Pemerintahan,Junior,Tetap,DKI Jakarta,Portal Kerja,,,5,5,10,5
AE10139,2022,Pria,3.13,1,0,3,2,Bekerja,TIK,Intern/Apprentice,Tetap,DKI Jakarta,Referensi,7.9,5812571.0,4,4,10,4
AE10140,2021,Pria,3.05,1,1,3,4,Bekerja,TIK,Middle,Tetap,DKI Jakarta,Portal Kerja,1.5,11307741.0,4,4,9,5
AE10141,2019,Pria,3.36,0,0,3,1,Bekerja,Manufaktur,Junior,Tetap,Banten,Konversi Magang,0.0,6454047.0,4,4,5,3
AE10142,2023,Pria,3.06,1,1,4,3,Bekerja,Telekom,Middle,Kontrak,Jawa Timur,Portal Kerja,0.0,10210310.0,4,5,10,3
AE10143,2021,Pria,2.98,1,1,4,3,Studi Lanjut,Energi,Junior,Tetap,Jawa Barat,Inisiatif Pribadi,,,4,5,9,4
AE10144,2021,Pria,3.36,1,0,2,4,Bekerja,Manufaktur,Middle,Magang,Jawa Barat,Portal Kerja,3.3,7229410.0,4,3,4,3
AE10145,2019,Pria,3.3,1,0,2,3,Belum Bekerja,Lainnya,Middle,Kontrak,DKI Jakarta,Portal Kerja,,,5,3,8,4
AE10146,2022,Wanita,2.91,1,1,3,5,Bekerja,Lainnya,Junior,Tetap,Jawa Tengah,Portal Kerja,0.0,3784090.0,3,3,8,4
AE10147,2024,Wanita,3.02,0,0,3,5,Bekerja,Telekom,Junior,Tetap,Jawa Barat,Referensi,8.6,5877982.0,3,4,10,4
AE10148,2024,Pria,3.31,1,1,3,3,Belum Bekerja,Energi,Junior,Kontrak,DKI Jakarta,Referensi,,,4,4,6,4
AE10149,2020,Wanita,2.77,1,0,4,1,Belum Bekerja,Energi,Middle,Tetap,Jawa Timur,Portal Kerja,,,4,5,6,3
AE10150,2023,Wanita,3.15,0,0,3,1,Belum Bekerja,Lainnya,Junior,Tetap,Jawa Timur,Portal Kerja,,,5,4,7,3
AE10151,2023,Pria,3.07,1,1,4,2,Bekerja,Konstruksi,Junior,Tetap,Jawa Timur,Portal Kerja,7.1,6375296.0,4,4,10,4
AE10152,2022,Pria,3.11,0,0,3,5,Bekerja,Manufaktur,Junior,Kontrak,DKI Jakarta,Konversi Magang,1.1,6510581.0,4,4,10,4
AE10153,2023,Pria,3.62,1,0,3,3,Studi Lanjut,TIK,Senior,Kontrak,DKI Jakarta,Referensi,,,3,5,8,5
AE10154,2019,Wanita,3.4,0,0,3,2,Belum Bekerja,Telekom,Middle,Tetap,DKI Jakarta,Portal Kerja,,,5,5,8,3
AE10155,2021,Pria,3.18,1,1,4,6,Bekerja,Keuangan,Senior,Magang,DI Yogyakarta,Portal Kerja,2.0,13728358.0,4,3,6,5
AE10156,2023,Pria,3.0,1,1,4,3,Bekerja,TIK,Junior,Kontrak,Jawa Tengah,Referensi,4.0,6103968.0,3,3,10,5
AE10157,2022,Pria,3.23,0,0,3,1,Bekerja,TIK,Junior,Kontrak,Jawa Barat,Portal Kerja,9.5,8094788.0,4,4,8,4
AE10158,2023,Pria,3.41,1,1,5,6,Bekerja,Pendidikan,Junior,Tetap,Jawa Barat,Portal Kerja,2.4,6736763.0,4,4,6,5
AE10159,2022,Pria,3.46,0,0,4,2,Bekerja,Telekom,Junior,Tetap,DKI Jakarta,Konversi Magang,5.5,7338118.0,2,4,6,4
AE10160,2021,Pria,3.32,1,1,3,6,Belum Bekerja,Pendidikan,Junior,Tetap,Banten,Konversi Magang,,,4,3,3,3
AE10161,2022,Pria,2.8,0,0,2,4,Wirausaha,Manufaktur,Junior,Magang,Jawa Barat,Media Sosial,8.9,6682121.0,4,3,9,4
AE10162,2020,Pria,3.36,1,0,3,6,Bekerja,Manufaktur,Junior,Kontrak,Jawa Barat,Referensi,3.6,7523965.0,4,4,10,3
AE10163,2019,Pria,3.58,1,1,3,6,Bekerja,Manufaktur,Junior,Tetap,Jawa Tengah,Portal Kerja,0.7,5073755.0,3,3,8,5
AE10164,2021,Pria,3.67,0,1,5,5,Bekerja,Konstruksi,Junior,Tetap,Banten,Konversi Magang,7.6,7766047.0,3,3,9,4
AE10165,2024,Pria,3.54,0,0,2,2,Belum Bekerja,Manufaktur,Junior,Tetap,Jawa Barat,Portal Kerja,,,5,4,9,4
AE10166,2022,Pria,3.27,1,1,4,2,Bekerja,TIK,Junior,Kontrak,Jawa Tengah,Portal Kerja,0.0,9068612.0,4,5,9,4
AE10167,2024,Pria,3.16,1,0,2,7,Belum Bekerja,TIK,Junior,Tetap,Jawa Barat,Karir Kampus,,,4,4,10,3
AE10168,2021,Wanita,3.19,1,1,4,3,Bekerja,Konstruksi,Middle,Tetap,Jawa Timur,Portal Kerja,0.5,9259913.0,4,3,6,4
AE10169,2022,Pria,3.78,1,1,3,4,Bekerja,Pendidikan,Junior,Kontrak,Jawa Timur,Konversi Magang,5.0,6512066.0,4,4,8,4
AE10170,2020,Pria,2.98,1,0,4,3,Bekerja,Pendidikan,Junior,Tetap,Jawa Tengah,Konversi Magang,5.0,4769506.0,5,3,9,3
AE10171,2023,Wanita,3.07,0,1,5,7,Studi Lanjut,TIK,Senior,Kontrak,Jawa Barat,Media Sosial,,,2,1,5,5
AE10172,2021,Pria,3.0,0,0,4,5,Bekerja,TIK,Middle,Tetap,Jawa Barat,Referensi,9.3,9457618.0,4,3,7,5
AE10173,2019,Pria,2.91,1,0,3,1,Bekerja,Pendidikan,Middle,Kontrak,Jawa Tengah,Konversi Magang,4.5,6218558.0,4,4,9,4
AE10174,2023,Pria,3.07,1,0,3,5,Belum Bekerja,Lainnya,Junior,Kontrak,Jawa Barat,Konversi Magang,,,4,4,7,4
AE10175,2021,Wanita,3.2,0,1,3,4,Belum Bekerja,Konstruksi,Junior,Kontrak,Jawa Barat,Referensi,,,4,5,7,2
AE10176,2020,Wanita,2.81,0,1,3,4,Bekerja,Manufaktur,Junior,Tetap,DKI Jakarta,Portal Kerja,5.1,5711799.0,4,5,10,4
AE10177,2021,Pria,3.13,1,1,4,2,Bekerja,Pemerintahan,Junior,Tetap,Jawa Barat,Konversi Magang,7.4,6220728.0,4,4,7,4
AE10178,2022,Wanita,3.23,0,0,4,5,Bekerja,Energi,Middle,Tetap,Jawa Tengah,Inisiatif Pribadi,3.2,12485768.0,3,3,6,4
AE10179,2020,Pria,2.81,1,0,5,5,Bekerja,Konstruksi,Intern/Apprentice,Tetap,Jawa Timur,Portal Kerja,2.3,4642990.0,3,3,5,5
AE10180,2023,Wanita,3.27,1,1,4,5,Bekerja,TIK,Junior,Tetap,Banten,Inisiatif Pribadi,0.0,8276228.0,4,3,6,3
AE10181,2022,Wanita,3.26,1,0,4,2,Bekerja,Telekom,Middle,Tetap,Jawa Barat,Media Sosial,0.9,8481802.0,5,5,10,3
AE10182,2022,Pria,3.52,1,1,3,0,Wirausaha,Manufaktur,Middle,Tetap,DKI Jakarta,Konversi Magang,2.0,7625552.0,4,3,8,5
AE10183,2022,Pria,3.25,0,0,2,6,Bekerja,Konstruksi,Middle,Kontrak,Jawa Barat,Portal Kerja,14.4,11054460.0,4,3,6,3
AE10184,2023,Wanita,3.09,1,0,3,5,Bekerja,Manufaktur,Middle,Tetap,Jawa Tengah,Referensi,5.1,8742149.0,3,4,8,4
AE10185,2020,Wanita,3.13,1,0,4,8,Belum Bekerja,Telekom,Junior,Tetap,DKI Jakarta,Konversi Magang,,,3,5,6,5
AE10186,2023,Wanita,3.4,1,0,3,2,Bekerja,Energi,Junior,Kontrak,Jawa Timur,Inisiatif Pribadi,5.7,8323066.0,3,3,8,4
AE10187,2024,Pria,3.48,0,0,3,6,Bekerja,TIK,Junior,Tetap,Jawa Barat,Referensi,3.5,6720341.0,5,4,6,5
AE10188,2022,Wanita,3.19,1,0,4,4,Bekerja,TIK,Junior,Tetap,DKI Jakarta,Referensi,0.0,9414143.0,3,3,6,4
AE10189,2024,Wanita,3.06,1,0,4,6,Bekerja,Pendidikan,Junior,Tetap,DKI Jakarta,Konversi Magang,0.3,4953664.0,5,2,8,5
AE10190,2021,Wanita,3.22,0,1,4,5,Bekerja,Konstruksi,Senior,Magang,DKI Jakarta,Karir Kampus,8.6,14582705.0,3,3,7,3
AE10191,2019,Pria,2.7,1,0,3,5,Belum Bekerja,Konstruksi,Junior,Tetap,Jawa Barat,Portal Kerja,,,4,5,4,3
AE10192,2019,Wanita,2.89,1,1,2,1,Bekerja,Manufaktur,Middle,Tetap,DKI Jakarta,Konversi Magang,9.2,8377109.0,3,4,4,4
AE10193,2022,Pria,3.35,1,1,3,1,Bekerja,Pemerintahan,Junior,Kontrak,Jawa Timur,Portal Kerja,5.2,5805039.0,3,4,10,3
AE10194,2021,Pria,3.71,1,1,5,3,Bekerja,Manufaktur,Intern/Apprentice,Tetap,Jawa Barat,Portal Kerja,6.9,4167022.0,2,3,8,4
AE10195,2021,Pria,3.39,0,1,2,2,Bekerja,TIK,Middle,Kontrak,DKI Jakarta,Media Sosial,0.0,9400364.0,4,4,9,4
AE10196,2023,Pria,3.49,1,0,2,5,Wirausaha,TIK,Junior,Kontrak,Jawa Timur,Referensi,0.0,7553652.0,5,4,5,5
AE10197,2019,Pria,3.84,1,0,3,1,Bekerja,Konstruksi,Junior,Kontrak,DKI Jakarta,Portal Kerja,7.6,6951715.0,3,4,7,3
AE10198,2020,Pria,3.45,1,0,2,8,Belum Bekerja,Konstruksi,Intern/Apprentice,Kontrak,DKI Jakarta,Portal Kerja,,,4,3,8,5
AE10199,2019,Wanita,3.63,0,0,2,5,Bekerja,Manufaktur,Junior,Tetap,Jawa Barat,Karir Kampus,1.8,5771169.0,5,3,7,3
AE10200,2021,Pria,3.27,0,0,1,3,Bekerja,Telekom,Middle,Kontrak,DKI Jakarta,Portal Kerja,3.1,9389895.0,3,4,9,3
AE10201,2021,Wanita,3.43,1,1,3,2,Belum Bekerja,Manufaktur,Junior,Kontrak,Jawa Barat,Referensi,,,5,3,9,3
AE10202,2023,Wanita,3.28,1,1,5,6,Bekerja,Keuangan,Junior,Tetap,Jawa Barat,Portal Kerja,0.0,8339221.0,3,4,9,3
AE10203,2019,Pria,3.2,1,1,4,5,Bekerja,Telekom,Junior,Tetap,DKI Jakarta,Konversi Magang,3.4,6282345.0,5,5,5,4
AE10204,2023,Wanita,2.96,0,1,3,4,Belum Bekerja,TIK,Middle,Kontrak,DI Yogyakarta,Karir Kampus,,,4,4,8,3
AE10205,2024,Pria,3.78,0,0,3,2,Bekerja,Energi,Middle,Tetap,DKI Jakarta,Portal Kerja,7.7,8789100.0,4,4,10,4
AE10206,2022,Pria,3.94,1,0,3,4,Bekerja,Pendidikan,Junior,Magang,Jawa Barat,Portal Kerja,1.9,5138267.0,3,3,9,5
AE10207,2022,Pria,3.19,1,1,2,0,Bekerja,Manufaktur,Middle,Tetap,Jawa Barat,Referensi,2.8,9238016.0,4,5,8,4
AE10208,2024,Pria,2.6,1,1,3,3,Bekerja,Lainnya,Middle,Kontrak,Jawa Barat,Portal Kerja,5.6,9754755.0,2,4,7,4
AE10209,2019,Pria,3.0,0,0,2,3,Bekerja,Pemerintahan,Junior,Kontrak,DKI Jakarta,Portal Kerja,12.5,6747688.0,3,3,10,4
AE10210,2023,Pria,3.26,0,1,3,2,Bekerja,TIK,Middle,Kontrak,Jawa Barat,Portal Kerja,2.5,12170699.0,3,4,7,3
AE10211,2024,Pria,3.67,1,1,3,2,Bekerja,Lainnya,Middle,Tetap,Jawa Timur,Referensi,4.3,6648253.0,3,3,7,3
AE10212,2020,Wanita,3.21,1,1,5,3,Bekerja,TIK,Junior,Kontrak,Jawa Barat,Portal Kerja,1.6,8200928.0,3,3,10,3
AE10213,2023,Wanita,3.25,1,0,2,2,Bekerja,Keuangan,Junior,Tetap,Jawa Timur,Referensi,1.9,8082459.0,5,3,8,4
AE10214,2021,Pria,3.53,1,1,3,7,Wirausaha,TIK,Junior,Kontrak,Jawa Barat,Portal Kerja,5.1,7237874.0,3,3,7,4
AE10215,2020,Pria,3.04,0,1,3,2,Bekerja,TIK,Senior,Tetap,DKI Jakarta,Portal Kerja,6.1,20018530.0,4,3,8,4
AE10216,2019,Wanita,3.25,0,0,3,2,Belum Bekerja,Manufaktur,Junior,Tetap,Jawa Tengah,Portal Kerja,,,4,2,6,5
AE10217,2024,Pria,3.23,1,1,2,4,Wirausaha,Manufaktur,Senior,Tetap,Jawa Barat,Portal Kerja,5.9,8208735.0,3,4,7,5
AE10218,2023,Pria,3.67,1,0,2,2,Bekerja,Manufaktur,Senior,Tetap,Jawa Timur,Portal Kerja,1.8,13418625.0,4,4,7,5
AE10219,2023,Wanita,3.32,1,0,3,2,Bekerja,Lainnya,Junior,Tetap,Jawa Barat,Media Sosial,5.3,4639799.0,3,3,9,3
AE10220,2022,Pria,3.4,1,0,4,5,Bekerja,Energi,Junior,Tetap,DI Yogyakarta,Referensi,7.9,7631794.0,4,4,7,4
AE10221,2021,Pria,3.02,1,0,4,4,Bekerja,TIK,Junior,Kontrak,Jawa Tengah,Referensi,4.0,9833306.0,2,5,9,4
AE10222,2022,Pria,3.07,0,1,3,1,Belum Bekerja,Lainnya,Middle,Kontrak,DKI Jakarta,Portal Kerja,,,5,2,6,4
AE10223,2020,Wanita,2.98,1,1,4,5,Wirausaha,TIK,Junior,Kontrak,Jawa Barat,Konversi Magang,1.0,8516261.0,3,3,7,5
AE10224,2019,Pria,2.95,1,1,2,3,Bekerja,Energi,Senior,Tetap,Jawa Timur,Portal Kerja,0.0,11609807.0,3,3,7,3
AE10225,2023,Pria,3.37,0,1,2,2,Bekerja,Lainnya,Junior,Tetap,Lainnya,Referensi,5.0,6410067.0,4,4,9,5
AE10226,2022,Pria,3.41,1,1,4,1,Bekerja,TIK,Intern/Apprentice,Magang,DKI Jakarta,Konversi Magang,3.7,5380592.0,4,3,9,4
AE10227,2024,Pria,2.76,1,0,4,6,Bekerja,Manufaktur,Senior,Kontrak,DI Yogyakarta,Portal Kerja,1.7,12813164.0,3,4,10,5
AE10228,2020,Pria,3.61,1,0,3,4,Belum Bekerja,Konstruksi,Junior,Tetap,DKI Jakarta,Referensi,,,4,3,7,5
AE10229,2022,Wanita,2.81,1,0,4,5,Studi Lanjut,Energi,Junior,Tetap,Lainnya,Portal Kerja,,,3,2,8,5
AE10230,2023,Pria,3.4,1,0,5,4,Bekerja,Pendidikan,Middle,Tetap,Jawa Barat,Inisiatif Pribadi,0.2,4903965.0,4,4,5,3
AE10231,2021,Wanita,3.19,1,1,3,3,Bekerja,Manufaktur,Intern/Apprentice,Kontrak,Jawa Timur,Portal Kerja,7.2,3500000.0,5,3,10,4
AE10232,2021,Pria,3.39,0,0,3,2,Studi Lanjut,TIK,Middle,Tetap,DKI Jakarta,Inisiatif Pribadi,,,4,4,6,4
AE10233,2024,Pria,3.0,0,1,2,3,Bekerja,Pendidikan,Middle,Tetap,Jawa Timur,Referensi,7.1,5293699.0,4,2,6,5
AE10234,2020,Pria,3.44,1,0,2,4,Bekerja,TIK,Senior,Tetap,Jawa Tengah,Referensi,1.6,16761652.0,3,3,8,4
AE10235,2021,Wanita,3.37,1,0,3,3,Bekerja,Pemerintahan,Junior,Tetap,DKI Jakarta,Portal Kerja,0.0,3500000.0,2,5,7,2
AE10236,2022,Wanita,3.34,0,0,2,3,Belum Bekerja,Energi,Junior,Tetap,Jawa Barat,Media Sosial,,,4,3,8,4
AE10237,2023,Pria,3.17,1,0,4,1,Bekerja,Keuangan,Junior,Tetap,Jawa Tengah,Referensi,3.3,9062045.0,4,4,10,5
AE10238,2023,Pria,3.17,0,0,3,2,Bekerja,TIK,Junior,Tetap,Lainnya,Karir Kampus,9.1,8199072.0,4,5,7,5
AE10239,2022,Pria,3.0,1,0,3,5,Bekerja,Energi,Middle,Tetap,Jawa Barat,Referensi,6.4,6955657.0,3,4,7,4
AE10240,2020,Pria,2.58,0,0,4,3,Belum Bekerja,Pendidikan,Senior,Kontrak,Jawa Barat,Portal Kerja,,,4,4,7,3
AE10241,2019,Wanita,2.94,0,0,3,5,Bekerja,TIK,Junior,Tetap,DKI Jakarta,Konversi Magang,8.2,8487266.0,4,3,7,5
AE10242,2019,Pria,3.53,1,1,3,3,Bekerja,Manufaktur,Junior,Tetap,Jawa Barat,Portal Kerja,5.7,6243806.0,4,4,9,4
AE10243,2024,Wanita,3.52,1,0,2,4,Belum Bekerja,TIK,Middle,Tetap,DKI Jakarta,Media Sosial,,,4,2,6,5
AE10244,2019,Wanita,2.93,0,0,4,3,Studi Lanjut,Manufaktur,Junior,Kontrak,Jawa Barat,Konversi Magang,,,4,4,6,3
AE10245,2020,Pria,2.84,1,0,4,2,Bekerja,Keuangan,Junior,Tetap,Jawa Barat,Portal Kerja,2.8,7176479.0,3,2,7,5
AE10246,2021,Pria,2.83,0,1,3,4,Belum Bekerja,TIK,Junior,Kontrak,Jawa Barat,Portal Kerja,,,4,3,7,3
AE10247,2021,Pria,3.22,1,1,3,3,Bekerja,Telekom,Junior,Kontrak,Jawa Barat,Referensi,7.8,7429708.0,2,3,10,4
AE10248,2019,Wanita,2.57,1,0,2,7,Bekerja,Pendidikan,Junior,Kontrak,Jawa Tengah,Referensi,0.6,3852680.0,5,4,7,5
AE10249,2024,Pria,3.62,1,0,4,3,Bekerja,TIK,Junior,Magang,Jawa Timur,Konversi Magang,2.3,7639130.0,4,5,5,4
AE10250,2022,Pria,3.0,1,1,4,0,Bekerja,Manufaktur,Intern/Apprentice,Tetap,DKI Jakarta,Portal Kerja,0.0,5660153.0,4,3,9,3
AE10251,2024,Pria,3.06,1,1,3,5,Bekerja,Konstruksi,Junior,Tetap,Jawa Barat,Media Sosial,3.5,5380620.0,3,4,10,5
AE10252,2022,Pria,3.24,1,0,3,4,Bekerja,Energi,Intern/Apprentice,Tetap,DI Yogyakarta,Referensi,5.2,4069186.0,4,5,8,3
AE10253,2022,Wanita,3.86,1,0,3,7,Belum Bekerja,Manufaktur,Middle,Tetap,Jawa Barat,Referensi,,,3,5,8,5
AE10254,2023,Pria,3.55,1,0,3,5,Belum Bekerja,Energi,Middle,Tetap,Jawa Barat,Referensi,,,4,5,5,4
AE10255,2019,Pria,3.27,0,0,3,3,Wirausaha,Manufaktur,Middle,Tetap,DI Yogyakarta,Portal Kerja,5.0,8873829.0,5,4,6,2
AE10256,2023,Wanita,3.49,0,0,3,0,Bekerja,Konstruksi,Junior,Kontrak,DKI Jakarta,Konversi Magang,1.2,6574381.0,1,4,7,5
AE10257,2021,Pria,3.69,0,1,3,3,Bekerja,Manufaktur,Junior,Magang,Lainnya,Portal Kerja,8.3,6189500.0,4,4,8,4
AE10258,2020,Wanita,2.95,1,1,4,5,Bekerja,Lainnya,Middle,Tetap,DKI Jakarta,Portal Kerja,4.2,10144105.0,4,3,10,5
AE10259,2022,Wanita,3.34,1,0,4,2,Belum Bekerja,Telekom,Junior,Tetap,Banten,Portal Kerja,,,4,5,6,4
AE10260,2022,Pria,3.32,1,1,4,5,Bekerja,TIK,Middle,Tetap,Jawa Barat,Referensi,6.6,9652313.0,5,3,9,4
AE10261,2021,Pria,3.39,1,0,3,6,Bekerja,TIK,Middle,Tetap,Banten,Referensi,2.0,10882104.0,4,3,10,4
AE10262,2024,Pria,3.22,1,0,3,5,Bekerja,Manufaktur,Junior,Tetap,DKI Jakarta,Portal Kerja,3.8,6254863.0,4,3,7,4
AE10263,2022,Wanita,3.1,1,0,3,3,Studi Lanjut,TIK,Middle,Tetap,Jawa Barat,Referensi,,,5,5,7,3
AE10264,2022,Wanita,2.73,0,0,3,3,Belum Bekerja,Pemerintahan,Middle,Tetap,Jawa Barat,Referensi,,,4,3,7,4
AE10265,2024,Wanita,3.14,1,1,4,5,Studi Lanjut,Lainnya,Middle,Kontrak,Jawa Barat,Karir Kampus,,,5,4,9,2
AE10266,2023,Pria,3.3,1,0,4,6,Bekerja,Pendidikan,Middle,Tetap,DKI Jakarta,Referensi,3.8,7581371.0,4,4,8,4
AE10267,2019,Pria,3.0,1,0,3,6,Bekerja,Manufaktur,Middle,Magang,Jawa Barat,Inisiatif Pribadi,3.0,11287713.0,4,5,5,3
AE10268,2023,Wanita,3.45,1,0,5,4,Bekerja,Manufaktur,Junior,Tetap,DKI Jakarta,Portal Kerja,7.1,7500410.0,3,3,5,4
AE10269,2023,Wanita,3.41,0,0,3,6,Bekerja,Pemerintahan,Junior,Tetap,Jawa Tengah,Portal Kerja,8.5,5456291.0,5,4,4,3
AE10270,2022,Wanita,3.28,1,0,3,3,Bekerja,Pendidikan,Junior,Kontrak,DKI Jakarta,Karir Kampus,4.4,5765621.0,3,3,7,3
AE10271,2022,Wanita,2.99,0,1,1,3,Bekerja,Manufaktur,Middle,Kontrak,Jawa Timur,Portal Kerja,8.1,9563360.0,4,3,8,4
AE10272,2022,Pria,2.97,1,1,2,3,Bekerja,Pendidikan,Junior,Tetap,DKI Jakarta,Inisiatif Pribadi,5.1,5993348.0,3,5,8,3
AE10273,2022,Pria,3.5,0,0,3,2,Bekerja,Keuangan,Junior,Tetap,Jawa Barat,Referensi,10.2,7504658.0,3,4,7,4
AE10274,2024,Wanita,2.78,0,1,2,3,Bekerja,Pemerintahan,Junior,Tetap,Jawa Tengah,Referensi,6.1,6716184.0,3,5,5,4
AE10275,2021,Pria,3.26,1,0,3,2,Bekerja,Konstruksi,Junior,Kontrak,Jawa Barat,Inisiatif Pribadi,0.0,5482698.0,3,5,9,5
AE10276,2022,Wanita,3.12,0,1,4,3,Bekerja,Telekom,Junior,Tetap,Jawa Barat,Portal Kerja,6.3,9216953.0,3,2,7,4
AE10277,2019,Wanita,3.07,1,1,3,2,Bekerja,Konstruksi,Junior,Kontrak,Jawa Tengah,Portal Kerja,2.0,6194356.0,4,5,7,4
AE10278,2022,Pria,3.35,1,0,5,5,Bekerja,Energi,Middle,Tetap,Jawa Barat,Portal Kerja,0.0,7467891.0,2,5,10,3
AE10279,2020,Pria,3.46,1,1,2,5,Bekerja,Konstruksi,Senior,Kontrak,DKI Jakarta,Portal Kerja,0.7,7845349.0,2,3,9,3
AE10280,2019,Pria,2.72,1,0,3,3,Bekerja,Telekom,Junior,Kontrak,Jawa Barat,Portal Kerja,7.6,5857757.0,3,5,10,4
AE10281,2020,Pria,2.62,0,1,3,5,Bekerja,Energi,Junior,Kontrak,DKI Jakarta,Portal Kerja,5.3,7150478.0,3,3,10,5
AE10282,2022,Pria,3.37,0,0,3,3,Bekerja,Energi,Middle,Tetap,Jawa Barat,Konversi Magang,3.7,10874363.0,3,4,6,3
AE10283,2023,Pria,3.34,1,1,3,0,Bekerja,Pendidikan,Middle,Magang,Jawa Barat,Konversi Magang,4.1,5374083.0,5,4,7,2
AE10284,2019,Pria,3.07,0,0,3,5,Belum Bekerja,Manufaktur,Junior,Tetap,Jawa Tengah,Media Sosial,,,3,5,6,4
AE10285,2019,Pria,2.48,1,0,4,2,Bekerja,Energi,Junior,Tetap,DKI Jakarta,Konversi Magang,0.0,8227167.0,5,4,8,5
AE10286,2019,Wanita,3.33,1,0,4,5,Bekerja,Konstruksi,Junior,Kontrak,Jawa Timur,Portal Kerja,7.2,4577185.0,3,4,8,4
AE10287,2020,Pria,3.39,0,0,4,2,Studi Lanjut,TIK,Middle,Kontrak,Jawa Timur,Portal Kerja,,,4,4,10,5
AE10288,2022,Pria,3.01,0,1,4,3,Bekerja,Konstruksi,Middle,Magang,Jawa Tengah,Portal Kerja,6.6,9034514.0,4,2,4,3
AE10289,2023,Pria,3.73,1,1,3,4,Bekerja,Pemerintahan,Intern/Apprentice,Tetap,DKI Jakarta,Referensi,8.7,3500000.0,3,4,8,3
AE10290,2024,Wanita,3.24,1,0,3,4,Bekerja,Energi,Middle,Kontrak,Jawa Barat,Inisiatif Pribadi,4.7,11767280.0,4,3,9,4
AE10291,2022,Wanita,2.74,1,1,2,4,Bekerja,Manufaktur,Junior,Kontrak,Jawa Barat,Portal Kerja,2.3,6535105.0,4,3,8,4
AE10292,2023,Wanita,3.66,0,0,4,3,Belum Bekerja,Telekom,Junior,Tetap,Jawa Barat,Karir Kampus,,,4,4,6,3
AE10293,2021,Pria,2.65,0,0,3,3,Bekerja,Konstruksi,Senior,Kontrak,Jawa Tengah,Media Sosial,2.0,11909357.0,5,3,6,2
AE10294,2021,Wanita,3.12,1,1,4,5,Studi Lanjut,Manufaktur,Junior,Tetap,Jawa Barat,Referensi,,,4,4,8,4
AE10295,2020,Pria,3.13,0,0,2,6,Belum Bekerja,Konstruksi,Junior,Tetap,Jawa Barat,Portal Kerja,,,2,3,8,3
AE10296,2022,Pria,3.07,1,0,3,2,Bekerja,TIK,Middle,Kontrak,DKI Jakarta,Referensi,2.1,9876790.0,4,4,9,3
AE10297,2023,Wanita,3.85,1,0,4,2,Bekerja,Manufaktur,Middle,Tetap,DKI Jakarta,Portal Kerja,6.9,8874117.0,5,3,5,2
AE10298,2019,Wanita,3.1,1,1,3,1,Bekerja,Telekom,Junior,Tetap,DKI Jakarta,Konversi Magang,2.0,6541640.0,5,4,9,4
AE10299,2022,Pria,3.79,1,0,3,6,Bekerja,Energi,Junior,Magang,Jawa Barat,Media Sosial,2.6,6717381.0,4,4,7,4
AE10300,2020,Pria,3.35,1,0,4,4,Bekerja,TIK,Junior,Magang,DKI Jakarta,Portal Kerja,8.9,7695495.0,3,4,4,5
AE10301,2023,Pria,2.53,1,0,3,3,Bekerja,Konstruksi,Junior,Kontrak,Banten,Media Sosial,4.7,7153188.0,4,3,8,4
AE10302,2021,Pria,2.99,1,0,3,3,Bekerja,Energi,Middle,Tetap,DKI Jakarta,Portal Kerja,1.1,11093419.0,4,3,6,3
AE10303,2021,Wanita,3.39,1,0,3,3,Bekerja,Lainnya,Senior,Tetap,Jawa Barat,Media Sosial,5.2,7909483.0,5,3,8,5
AE10304,2022,Wanita,2.84,0,0,5,2,Belum Bekerja,Konstruksi,Junior,Kontrak,Jawa Barat,Karir Kampus,,,2,4,8,4
AE10305,2021,Wanita,2.68,1,1,3,7,Studi Lanjut,Konstruksi,Junior,Tetap,Jawa Barat,Konversi Magang,,,3,4,10,4
AE10306,2021,Pria,3.62,1,1,2,3,Studi Lanjut,Konstruksi,Junior,Tetap,DKI Jakarta,Portal Kerja,,,4,2,7,3
AE10307,2023,Wanita,3.31,0,0,1,4,Bekerja,Telekom,Junior,Tetap,Jawa Barat,Konversi Magang,7.4,5260943.0,4,5,5,4
AE10308,2021,Wanita,2.66,1,1,3,3,Bekerja,Konstruksi,Junior,Kontrak,Banten,Portal Kerja,0.1,7086347.0,3,2,9,4
AE10309,2023,Wanita,2.81,1,0,2,2,Bekerja,Manufaktur,Middle,Kontrak,DKI Jakarta,Karir Kampus,0.0,12775924.0,5,4,3,4
AE10310,2020,Pria,3.75,0,0,3,1,Bekerja,Energi,Middle,Magang,Lainnya,Portal Kerja,4.2,10420877.0,5,3,10,3
AE10311,2023,Wanita,3.02,1,1,4,2,Wirausaha,Manufaktur,Middle,Kontrak,DKI Jakarta,Portal Kerja,0.0,10034260.0,5,3,10,4
AE10312,2023,Wanita,3.18,0,0,2,2,Bekerja,Manufaktur,Junior,Tetap,DKI Jakarta,Portal Kerja,0.0,6783711.0,4,4,10,4
AE10313,2019,Pria,2.93,1,1,4,4,Bekerja,Manufaktur,Middle,Tetap,Jawa Barat,Konversi Magang,3.4,9109852.0,4,5,9,4
AE10314,2024,Pria,3.1,1,1,3,2,Bekerja,TIK,Junior,Tetap,Jawa Timur,Portal Kerja,5.9,10766424.0,4,3,10,5
AE10315,2021,Pria,3.09,0,0,3,3,Belum Bekerja,Pemerintahan,Junior,Tetap,Jawa Timur,Portal Kerja,,,3,2,9,3
AE10316,2020,Wanita,3.02,1,0,3,4,Bekerja,Manufaktur,Junior,Magang,DKI Jakarta,Referensi,1.9,4998069.0,5,2,10,3
AE10317,2020,Wanita,3.11,1,0,2,2,Wirausaha,Telekom,Senior,Tetap,DKI Jakarta,Portal Kerja,11.3,9613141.0,3,4,4,3
AE10318,2023,Pria,3.69,0,0,3,3,Belum Bekerja,TIK,Middle,Tetap,DKI Jakarta,Karir Kampus,,,4,4,5,4
AE10319,2023,Pria,3.43,1,0,3,2,Studi Lanjut,TIK,Middle,Tetap,Jawa Barat,Karir Kampus,,,4,4,5,3
AE10320,2023,Wanita,3.27,1,0,3,6,Studi Lanjut,TIK,Senior,Tetap,Jawa Barat,Konversi Magang,,,5,4,6,4
AE10321,2023,Pria,3.2,1,1,3,1,Bekerja,TIK,Intern/Apprentice,Magang,Jawa Tengah,Karir Kampus,9.5,5102459.0,3,4,7,4
AE10322,2022,Pria,4.0,1,0,3,1,Bekerja,Konstruksi,Intern/Apprentice,Tetap,Jawa Tengah,Portal Kerja,0.0,3964651.0,5,3,7,2
AE10323,2023,Wanita,3.41,1,0,4,4,Bekerja,TIK,Junior,Tetap,Jawa Barat,Media Sosial,1.2,7829792.0,5,4,9,3
AE10324,2023,Wanita,3.46,0,0,2,3,Bekerja,Energi,Junior,Tetap,Banten,Referensi,3.5,6556927.0,3,3,8,4
AE10325,2019,Pria,3.35,1,0,4,2,Bekerja,TIK,Junior,Tetap,Jawa Barat,Media Sosial,3.3,7931850.0,5,3,10,5
AE10326,2024,Wanita,3.43,0,1,4,7,Bekerja,Lainnya,Intern/Apprentice,Kontrak,DKI Jakarta,Karir Kampus,10.2,3973563.0,4,5,10,4
AE10327,2020,Wanita,3.63,0,0,4,3,Wirausaha,Konstruksi,Junior,Kontrak,DI Yogyakarta,Portal Kerja,5.6,8455539.0,4,4,8,2
AE10328,2024,Pria,3.34,0,0,4,2,Bekerja,Telekom,Middle,Tetap,Lainnya,Portal Kerja,0.5,7576467.0,5,4,7,4
AE10329,2021,Pria,2.98,1,0,4,0,Bekerja,TIK,Middle,Kontrak,Jawa Timur,Portal Kerja,3.5,10950295.0,5,4,7,5
AE10330,2022,Pria,2.8,0,1,2,4,Belum Bekerja,Telekom,Junior,Tetap,Jawa Barat,Portal Kerja,,,4,5,10,4
AE10331,2021,Wanita,3.33,1,1,4,6,Bekerja,Lainnya,Junior,Tetap,DI Yogyakarta,Karir Kampus,9.3,5892992.0,4,2,8,4
AE10332,2019,Pria,3.43,1,0,2,5,Bekerja,Pemerintahan,Junior,Tetap,DI Yogyakarta,Portal Kerja,1.6,5714508.0,4,3,10,3
AE10333,2024,Pria,2.61,1,0,4,3,Studi Lanjut,TIK,Junior,Tetap,Jawa Tengah,Konversi Magang,,,5,4,8,4
AE10334,2020,Wanita,3.29,0,1,4,4,Bekerja,Telekom,Intern/Apprentice,Tetap,DKI Jakarta,Media Sosial,2.8,3821766.0,3,5,8,5
AE10335,2020,Wanita,3.22,1,1,3,0,Bekerja,Energi,Middle,Tetap,DKI Jakarta,Referensi,8.8,10708855.0,4,4,10,3
AE10336,2022,Pria,3.27,1,1,3,4,Wirausaha,Manufaktur,Junior,Tetap,Jawa Barat,Inisiatif Pribadi,1.7,4375798.0,4,4,7,3
AE10337,2020,Pria,2.77,0,1,4,3,Belum Bekerja,Pendidikan,Junior,Kontrak,Lainnya,Referensi,,,3,4,10,3
AE10338,2021,Pria,3.61,1,0,4,4,Bekerja,Keuangan,Senior,Tetap,Jawa Barat,Referensi,7.7,15344862.0,3,3,10,4
AE10339,2020,Pria,3.27,0,1,5,5,Wirausaha,Energi,Junior,Tetap,Jawa Timur,Karir Kampus,1.5,7219681.0,3,3,4,3
AE10340,2021,Wanita,3.25,1,1,3,7,Belum Bekerja,Manufaktur,Junior,Tetap,Jawa Barat,Konversi Magang,,,4,3,5,3
AE10341,2020,Pria,3.18,1,1,4,7,Belum Bekerja,Pendidikan,Middle,Kontrak,Jawa Barat,Portal Kerja,,,2,3,6,5
AE10342,2021,Pria,3.09,1,0,4,2,Bekerja,TIK,Junior,Tetap,DKI Jakarta,Karir Kampus,3.2,7467578.0,3,3,10,2
AE10343,2024,Pria,2.98,1,1,4,4,Wirausaha,Lainnya,Junior,Tetap,DKI Jakarta,Referensi,7.2,5329934.0,4,3,7,3
AE10344,2022,Wanita,3.82,1,1,3,5,Wirausaha,Manufaktur,Junior,Tetap,Lainnya,Portal Kerja,5.4,6660092.0,4,5,7,4
AE10345,2022,Pria,3.66,0,0,3,0,Studi Lanjut,Pemerintahan,Middle,Tetap,Jawa Tengah,Referensi,,,3,3,6,2
AE10346,2021,Pria,3.98,1,0,3,4,Bekerja,Telekom,Intern/Apprentice,Kontrak,DKI Jakarta,Konversi Magang,5.0,4900334.0,5,5,5,4
AE10347,2024,Pria,3.7,1,0,3,5,Bekerja,Manufaktur,Middle,Tetap,Jawa Barat,Referensi,4.6,8610165.0,5,3,8,2
AE10348,2023,Pria,3.14,1,0,3,2,Wirausaha,TIK,Senior,Kontrak,Jawa Barat,Portal Kerja,2.5,16085132.0,4,3,9,3
AE10349,2022,Pria,3.29,1,1,4,4,Bekerja,TIK,Junior,Tetap,Lainnya,Portal Kerja,5.9,7882757.0,4,4,7,4
AE10350,2023,Wanita,3.39,0,0,4,4,Bekerja,Pendidikan,Junior,Tetap,DI Yogyakarta,Inisiatif Pribadi,8.2,4213769.0,4,2,7,4
AE10351,2023,Pria,3.75,0,0,4,2,Bekerja,Telekom,Middle,Kontrak,Jawa Barat,Referensi,4.7,10110332.0,4,5,6,5
AE10352,2023,Wanita,3.08,1,1,5,5,Bekerja,Manufaktur,Junior,Tetap,DKI Jakarta,Referensi,2.1,7565586.0,5,2,10,3
AE10353,2024,Pria,2.89,1,0,1,4,Bekerja,Konstruksi,Middle,Kontrak,DKI Jakarta,Media Sosial,5.0,7729471.0,4,3,7,5
AE10354,2022,Pria,2.89,0,1,2,4,Belum Bekerja,Manufaktur,Junior,Tetap,Lainnya,Karir Kampus,,,5,4,5,4
AE10355,2023,Pria,3.06,0,1,3,3,Bekerja,Pendidikan,Middle,Tetap,Jawa Barat,Portal Kerja,7.4,6837457.0,4,3,9,2
AE10356,2020,Pria,3.1,1,1,3,3,Bekerja,Lainnya,Junior,Tetap,Jawa Timur,Konversi Magang,3.6,6919997.0,4,4,9,5
AE10357,2021,Wanita,3.21,0,0,3,1,Wirausaha,Konstruksi,Middle,Magang,Jawa Barat,Konversi Magang,2.2,9233462.0,3,5,9,2
AE10358,2023,Pria,2.86,1,0,3,0,Wirausaha,Telekom,Junior,Tetap,Jawa Timur,Portal Kerja,1.9,6775086.0,4,2,10,4
AE10359,2020,Wanita,2.91,0,1,5,3,Bekerja,Energi,Junior,Tetap,DI Yogyakarta,Konversi Magang,6.6,6537473.0,4,4,7,4
AE10360,2021,Pria,3.42,1,0,2,6,Bekerja,Manufaktur,Intern/Apprentice,Tetap,Jawa Barat,Referensi,9.0,3912197.0,3,4,4,3
AE10361,2020,Pria,3.44,0,1,3,3,Bekerja,TIK,Intern/Apprentice,Tetap,DKI Jakarta,Media Sosial,6.2,3500000.0,4,3,9,4
AE10362,2020,Pria,3.03,1,0,3,2,Wirausaha,Lainnya,Middle,Tetap,Jawa Tengah,Konversi Magang,4.5,6621433.0,4,4,7,3
AE10363,2019,Pria,3.14,1,1,3,1,Bekerja,Telekom,Junior,Tetap,Jawa Timur,Portal Kerja,4.3,9302839.0,5,5,8,4
AE10364,2024,Wanita,3.52,1,1,4,2,Bekerja,Manufaktur,Junior,Kontrak,Jawa Timur,Karir Kampus,3.4,5042359.0,4,4,7,3
AE10365,2023,Wanita,3.0,0,0,4,3,Bekerja,Energi,Junior,Kontrak,DKI Jakarta,Konversi Magang,3.6,9075044.0,2,4,8,3
AE10366,2024,Wanita,2.96,1,1,4,6,Bekerja,Manufaktur,Junior,Tetap,Jawa Barat,Referensi,5.0,8222374.0,2,3,7,3
AE10367,2021,Wanita,3.47,1,1,3,1,Bekerja,Pemerintahan,Junior,Magang,DKI Jakarta,Portal Kerja,4.3,5722553.0,4,4,6,5
AE10368,2022,Pria,3.12,1,0,3,6,Bekerja,Manufaktur,Junior,Kontrak,DKI Jakarta,Konversi Magang,5.1,6874005.0,5,2,7,4
AE10369,2023,Wanita,3.05,1,0,4,7,Wirausaha,TIK,Middle,Tetap,DKI Jakarta,Portal Kerja,5.2,8606953.0,5,4,3,4
AE10370,2020,Pria,2.74,1,1,3,6,Bekerja,Lainnya,Junior,Tetap,Jawa Barat,Referensi,2.1,6027496.0,3,3,7,3
AE10371,2023,Pria,3.36,1,1,3,6,Studi Lanjut,Keuangan,Junior,Tetap,DI Yogyakarta,Referensi,,,5,2,8,2
AE10372,2022,Pria,3.06,1,0,4,4,Bekerja,Manufaktur,Junior,Kontrak,DKI Jakarta,Portal Kerja,8.4,5608028.0,4,4,4,3
AE10373,2022,Pria,3.42,0,0,3,3,Belum Bekerja,Telekom,Junior,Tetap,DKI Jakarta,Konversi Magang,,,3,4,8,4
AE10374,2020,Wanita,2.55,1,0,2,6,Bekerja,Telekom,Junior,Kontrak,DKI Jakarta,Karir Kampus,4.8,6170403.0,4,4,6,4
AE10375,2021,Wanita,2.97,0,0,2,3,Bekerja,TIK,Middle,Kontrak,Jawa Tengah,Portal Kerja,6.7,8986201.0,4,4,8,3
AE10376,2023,Wanita,3.45,1,1,1,1,Studi Lanjut,Manufaktur,Intern/Apprentice,Tetap,Jawa Barat,Media Sosial,,,4,4,8,4
AE10377,2024,Wanita,3.05,1,1,2,3,Belum Bekerja,Keuangan,Junior,Tetap,Jawa Tengah,Inisiatif Pribadi,,,4,2,6,4
AE10378,2020,Pria,2.84,0,0,4,4,Bekerja,TIK,Middle,Tetap,Jawa Barat,Referensi,4.8,12998990.0,5,4,9,4
AE10379,2020,Pria,3.42,1,1,4,6,Bekerja,TIK,Junior,Tetap,DKI Jakarta,Portal Kerja,2.7,8599308.0,4,3,7,4
AE10380,2024,Wanita,3.08,1,0,3,2,Bekerja,TIK,Junior,Tetap,DKI Jakarta,Portal Kerja,5.2,7667174.0,4,5,6,5
AE10381,2024,Pria,3.12,0,1,2,7,Bekerja,Pendidikan,Middle,Tetap,Jawa Timur,Portal Kerja,7.9,7515095.0,3,3,10,4
AE10382,2024,Pria,2.57,1,1,3,0,Belum Bekerja,TIK,Middle,Tetap,Lainnya,Inisiatif Pribadi,,,4,4,4,5
AE10383,2024,Pria,3.46,1,0,2,5,Bekerja,Konstruksi,Middle,Tetap,DKI Jakarta,Portal Kerja,0.7,8180289.0,4,4,6,4
AE10384,2020,Pria,2.91,1,0,2,0,Belum Bekerja,Energi,Intern/Apprentice,Tetap,Jawa Barat,Portal Kerja,,,3,4,6,5
AE10385,2020,Wanita,2.73,1,0,3,4,Belum Bekerja,Pemerintahan,Junior,Kontrak,Jawa Tengah,Portal Kerja,,,4,5,6,2
AE10386,2022,Pria,2.65,1,0,4,4,Bekerja,Lainnya,Junior,Kontrak,Jawa Barat,Konversi Magang,3.3,5277530.0,2,3,9,5
AE10387,2019,Wanita,2.99,1,1,4,1,Bekerja,Lainnya,Junior,Tetap,DKI Jakarta,Konversi Magang,5.6,4652547.0,4,3,9,4
AE10388,2019,Pria,3.52,1,1,5,4,Belum Bekerja,TIK,Junior,Tetap,Jawa Tengah,Portal Kerja,,,4,3,6,4
AE10389,2023,Pria,2.93,1,0,4,3,Bekerja,Konstruksi,Junior,Tetap,DKI Jakarta,Konversi Magang,2.1,6184301.0,4,4,9,4
AE10390,2020,Pria,2.46,0,1,4,1,Bekerja,Konstruksi,Junior,Tetap,DI Yogyakarta,Portal Kerja,4.3,7050798.0,4,2,9,5
AE10391,2021,Pria,2.59,1,1,2,2,Bekerja,Pemerintahan,Junior,Tetap,DKI Jakarta,Portal Kerja,0.8,4436628.0,4,5,8,3
AE10392,2024,Pria,3.07,1,0,4,5,Studi Lanjut,Manufaktur,Junior,Kontrak,Jawa Barat,Portal Kerja,,,4,3,7,4
AE10393,2023,Pria,3.16,1,1,3,6,Bekerja,TIK,Senior,Tetap,Jawa Barat,Portal Kerja,0.0,17086557.0,3,4,7,3
AE10394,2023,Pria,3.05,1,0,2,4,Wirausaha,Lainnya,Junior,Tetap,Jawa Barat,Portal Kerja,7.7,7578746.0,4,4,5,5
AE10395,2021,Wanita,2.92,1,0,2,2,Bekerja,Manufaktur,Junior,Tetap,DKI Jakarta,Referensi,8.3,6706969.0,4,3,9,4
AE10396,2022,Wanita,3.24,1,0,4,5,Wirausaha,Manufaktur,Middle,Tetap,Jawa Tengah,Referensi,0.0,9774985.0,3,5,9,4
AE10397,2020,Pria,2.88,1,0,5,4,Bekerja,Pendidikan,Middle,Tetap,DKI Jakarta,Portal Kerja,6.6,7186427.0,4,4,8,4
AE10398,2023,Pria,3.21,0,0,3,2,Bekerja,TIK,Middle,Kontrak,DKI Jakarta,Referensi,9.1,11655283.0,4,4,4,4
AE10399,2022,Wanita,3.17,1,1,3,5,Wirausaha,TIK,Middle,Kontrak,Jawa Barat,Konversi Magang,3.9,12540322.0,5,4,5,5
AE10400,2021,Wanita,2.94,0,1,3,5,Bekerja,Telekom,Junior,Tetap,Jawa Barat,Referensi,2.4,7338877.0,3,4,7,2
AE10401,2023,Pria,3.54,1,0,2,5,Bekerja,Energi,Junior,Tetap,Jawa Barat,Konversi Magang,6.4,7509866.0,2,2,10,4
AE10402,2023,Wanita,2.87,1,0,4,1,Bekerja,TIK,Junior,Kontrak,Jawa Timur,Referensi,0.0,6565849.0,4,5,4,3
AE10403,2024,Pria,2.86,0,0,2,4,Bekerja,Manufaktur,Junior,Tetap,Jawa Barat,Inisiatif Pribadi,8.1,6450987.0,4,4,10,5
AE10404,2022,Pria,3.61,1,0,3,6,Bekerja,Manufaktur,Middle,Kontrak,Lainnya,Karir Kampus,4.2,11627917.0,3,4,10,3
AE10405,2022,Pria,3.61,1,0,4,3,Belum Bekerja,Lainnya,Middle,Tetap,Jawa Barat,Portal Kerja,,,4,4,10,2
AE10406,2020,Pria,3.81,0,1,4,4,Bekerja,Manufaktur,Junior,Tetap,Jawa Tengah,Portal Kerja,10.1,6048007.0,2,4,8,4
AE10407,2022,Pria,3.1,1,1,4,5,Studi Lanjut,Energi,Junior,Tetap,DKI Jakarta,Konversi Magang,,,3,4,6,3
AE10408,2021,Wanita,3.27,1,1,3,3,Bekerja,Konstruksi,Middle,Tetap,Jawa Barat,Portal Kerja,6.8,8887247.0,4,3,9,5
AE10409,2019,Pria,2.98,1,0,4,4,Bekerja,Konstruksi,Junior,Tetap,Jawa Timur,Portal Kerja,1.9,7354872.0,3,4,8,4
AE10410,2020,Pria,3.5,1,0,2,3,Bekerja,Telekom,Middle,Tetap,Jawa Barat,Media Sosial,3.7,9795645.0,5,3,6,5
AE10411,2022,Wanita,3.24,0,0,3,4,Bekerja,Keuangan,Junior,Tetap,Jawa Barat,Media Sosial,7.2,9535369.0,4,3,8,3
AE10412,2021,Wanita,2.65,1,0,2,0,Bekerja,Lainnya,Middle,Tetap,Jawa Barat,Inisiatif Pribadi,4.6,8161613.0,3,3,10,4
AE10413,2023,Wanita,3.44,0,0,3,4,Bekerja,Manufaktur,Intern/Apprentice,Tetap,DKI Jakarta,Media Sosial,3.6,4883836.0,5,5,6,4
AE10414,2021,Wanita,3.1,1,1,4,2,Bekerja,Konstruksi,Junior,Tetap,DI Yogyakarta,Inisiatif Pribadi,7.0,7601353.0,5,4,10,4
AE10415,2021,Pria,3.02,1,1,2,3,Bekerja,Konstruksi,Junior,Tetap,Jawa Barat,Portal Kerja,5.9,5761901.0,5,4,10,4
AE10416,2022,Pria,3.07,1,0,4,3,Studi Lanjut,Manufaktur,Junior,Tetap,Lainnya,Inisiatif Pribadi,,,2,2,10,3
AE10417,2022,Wanita,2.78,1,0,3,2,Belum Bekerja,Manufaktur,Middle,Kontrak,Jawa Barat,Referensi,,,4,3,6,4
AE10418,2023,Pria,2.93,0,0,3,3,Studi Lanjut,Telekom,Junior,Kontrak,Jawa Barat,Referensi,,,3,4,9,5
AE10419,2023,Wanita,3.17,1,1,2,2,Bekerja,Lainnya,Senior,Tetap,Jawa Barat,Portal Kerja,5.0,9195717.0,5,4,7,3
AE10420,2023,Pria,3.52,0,0,3,2,Bekerja,Manufaktur,Junior,Kontrak,DKI Jakarta,Konversi Magang,8.5,7351833.0,4,3,10,4
AE10421,2020,Pria,3.39,1,1,3,5,Bekerja,Manufaktur,Junior,Tetap,Jawa Tengah,Konversi Magang,2.6,6318684.0,3,4,5,4
AE10422,2023,Wanita,3.45,0,0,4,3,Bekerja,Keuangan,Junior,Kontrak,Jawa Tengah,Referensi,2.8,5578679.0,4,3,9,3
AE10423,2023,Wanita,3.52,0,1,2,4,Bekerja,Manufaktur,Junior,Tetap,Banten,Media Sosial,1.7,4754338.0,3,4,5,4
AE10424,2024,Pria,3.26,1,1,2,2,Belum Bekerja,Telekom,Junior,Kontrak,DKI Jakarta,Portal Kerja,,,3,5,10,4
AE10425,2021,Pria,3.11,1,0,2,2,Bekerja,Konstruksi,Junior,Kontrak,Jawa Timur,Portal Kerja,5.5,6554147.0,3,4,8,3
AE10426,2019,Pria,3.65,1,0,2,3,Belum Bekerja,TIK,Intern/Apprentice,Magang,Jawa Barat,Konversi Magang,,,5,3,10,4
AE10427,2021,Pria,2.88,1,0,2,3,Bekerja,Pemerintahan,Middle,Tetap,Jawa Barat,Referensi,6.4,8925283.0,5,3,7,4
AE10428,2019,Pria,3.36,0,1,5,6,Belum Bekerja,TIK,Junior,Kontrak,DKI Jakarta,Karir Kampus,,,5,4,8,3
AE10429,2024,Pria,3.36,1,1,3,4,Bekerja,Pemerintahan,Junior,Tetap,Jawa Barat,Portal Kerja,2.1,5334592.0,3,3,10,5
AE10430,2023,Pria,3.2,1,1,3,6,Bekerja,Konstruksi,Junior,Kontrak,DKI Jakarta,Konversi Magang,2.0,8123139.0,4,5,5,2
AE10431,2022,Pria,4.0,1,1,3,3,Belum Bekerja,Pemerintahan,Junior,Tetap,Jawa Tengah,Konversi Magang,,,3,3,7,5
AE10432,2023,Pria,3.3,0,0,2,6,Bekerja,TIK,Middle,Tetap,Jawa Barat,Referensi,0.4,9869484.0,4,3,10,2
AE10433,2024,Pria,4.0,1,0,3,2,Bekerja,TIK,Senior,Magang,DKI Jakarta,Konversi Magang,0.2,17440948.0,5,4,9,3
AE10434,2020,Pria,3.53,0,1,4,1,Bekerja,TIK,Junior,Tetap,Jawa Tengah,Portal Kerja,3.5,7357331.0,2,2,7,3
AE10435,2023,Wanita,3.47,1,0,3,4,Bekerja,TIK,Junior,Kontrak,Lainnya,Karir Kampus,5.1,9073377.0,3,5,7,2
AE10436,2021,Pria,2.83,1,0,2,4,Belum Bekerja,Manufaktur,Middle,Tetap,Jawa Tengah,Referensi,,,5,3,6,4
AE10437,2022,Pria,2.92,1,0,3,7,Bekerja,Energi,Junior,Tetap,Lainnya,Referensi,1.1,7704936.0,4,5,10,4
AE10438,2024,Pria,3.48,0,0,4,5,Bekerja,Manufaktur,Middle,Kontrak,DKI Jakarta,Referensi,4.2,9608680.0,3,3,7,4
AE10439,2021,Wanita,3.05,1,0,4,7,Belum Bekerja,Energi,Junior,Kontrak,DKI Jakarta,Karir Kampus,,,4,3,10,3
AE10440,2024,Pria,2.52,0,0,4,3,Belum Bekerja,Manufaktur,Senior,Magang,Jawa Barat,Portal Kerja,,,4,2,7,3
AE10441,2022,Pria,3.53,1,0,4,2,Bekerja,Telekom,Middle,Tetap,DKI Jakarta,Portal Kerja,2.3,11049570.0,3,5,10,4
AE10442,2019,Wanita,2.9,1,0,3,1,Bekerja,TIK,Junior,Kontrak,DKI Jakarta,Referensi,11.2,9703115.0,3,4,6,4
AE10443,2021,Pria,3.06,1,0,3,3,Bekerja,TIK,Junior,Tetap,Jawa Barat,Referensi,2.4,8116434.0,4,4,6,3
AE10444,2023,Wanita,3.14,1,1,3,3,Bekerja,Manufaktur,Middle,Tetap,Jawa Barat,Karir Kampus,6.8,8030200.0,4,4,8,5
AE10445,2021,Wanita,3.08,1,0,3,0,Bekerja,Pendidikan,Junior,Magang,Jawa Timur,Karir Kampus,4.8,5601102.0,3,5,10,5
AE10446,2021,Wanita,3.13,1,0,4,5,Bekerja,TIK,Middle,Kontrak,Jawa Barat,Portal Kerja,1.6,9927641.0,4,3,7,3
AE10447,2021,Wanita,3.74,0,0,4,6,Bekerja,Manufaktur,Junior,Tetap,Jawa Barat,Konversi Magang,3.2,6810403.0,5,3,6,4
AE10448,2022,Pria,2.77,0,0,4,0,Bekerja,Manufaktur,Intern/Apprentice,Magang,Jawa Barat,Portal Kerja,5.2,3785228.0,5,5,9,4
AE10449,2023,Pria,3.07,1,0,3,2,Studi Lanjut,TIK,Intern/Apprentice,Tetap,Jawa Timur,Konversi Magang,,,4,4,9,4
AE10450,2022,Wanita,3.01,1,1,3,3,Wirausaha,Lainnya,Junior,Kontrak,DKI Jakarta,Inisiatif Pribadi,3.8,7532847.0,4,4,10,3
AE10451,2023,Pria,3.41,1,0,1,3,Belum Bekerja,Telekom,Junior,Tetap,Jawa Barat,Media Sosial,,,5,4,7,4
AE10452,2021,Wanita,3.0,1,0,3,3,Bekerja,Manufaktur,Intern/Apprentice,Tetap,Jawa Barat,Portal Kerja,3.7,3500000.0,4,5,10,5
AE10453,2020,Pria,3.11,1,1,3,3,Studi Lanjut,Konstruksi,Junior,Magang,DI Yogyakarta,Referensi,,,5,5,4,4
AE10454,2024,Wanita,2.67,1,0,2,4,Bekerja,Manufaktur,Junior,Tetap,Jawa Tengah,Portal Kerja,1.4,7292168.0,4,3,9,5
AE10455,2022,Pria,3.28,1,1,2,3,Bekerja,Energi,Senior,Kontrak,DKI Jakarta,Konversi Magang,0.0,12505350.0,4,4,8,4
AE10456,2024,Wanita,3.26,0,1,2,6,Bekerja,Konstruksi,Middle,Tetap,Jawa Barat,Portal Kerja,7.5,7731678.0,4,5,9,5
AE10457,2023,Wanita,3.43,0,1,3,5,Studi Lanjut,Manufaktur,Middle,Tetap,Jawa Barat,Referensi,,,3,4,7,4
AE10458,2021,Pria,3.17,1,0,3,4,Bekerja,Manufaktur,Middle,Tetap,DKI Jakarta,Inisiatif Pribadi,5.6,10178334.0,4,4,7,5
AE10459,2021,Pria,3.0,1,1,4,8,Bekerja,Telekom,Junior,Tetap,DKI Jakarta,Portal Kerja,8.3,6278409.0,2,3,8,3
AE10460,2019,Pria,2.96,1,1,4,5,Studi Lanjut,TIK,Intern/Apprentice,Tetap,DKI Jakarta,Portal Kerja,,,5,5,8,4
AE10461,2019,Pria,3.34,1,0,3,1,Belum Bekerja,Pemerintahan,Intern/Apprentice,Tetap,Jawa Tengah,Inisiatif Pribadi,,,3,5,10,4
AE10462,2023,Pria,3.16,0,0,4,3,Bekerja,Pendidikan,Junior,Kontrak,Jawa Barat,Referensi,3.8,5950419.0,4,3,9,3
AE10463,2024,Wanita,3.89,1,1,4,6,Belum Bekerja,Pemerintahan,Middle,Tetap,Jawa Barat,Konversi Magang,,,3,1,7,5
AE10464,2020,Wanita,2.69,0,0,4,3,Wirausaha,Energi,Junior,Kontrak,Jawa Barat,Inisiatif Pribadi,0.0,7800671.0,2,3,6,4
AE10465,2020,Pria,3.17,1,0,4,4,Wirausaha,TIK,Junior,Tetap,Jawa Timur,Karir Kampus,0.0,8042845.0,3,2,8,5
AE10466,2020,Wanita,3.17,1,1,2,4,Bekerja,Energi,Junior,Kontrak,Jawa Tengah,Referensi,4.6,9282958.0,3,4,6,5
AE10467,2021,Pria,3.42,1,0,3,4,Bekerja,Manufaktur,Junior,Kontrak,Jawa Barat,Portal Kerja,0.1,6390360.0,4,4,5,3
AE10468,2024,Wanita,3.45,1,0,2,7,Bekerja,Lainnya,Junior,Tetap,Jawa Tengah,Karir Kampus,3.7,5152413.0,4,5,7,5
AE10469,2022,Pria,3.2,1,0,3,4,Bekerja,Pemerintahan,Middle,Kontrak,DKI Jakarta,Portal Kerja,2.4,8794521.0,3,3,7,4
AE10470,2021,Pria,3.15,1,0,1,2,Bekerja,TIK,Junior,Kontrak,DKI Jakarta,Portal Kerja,3.3,5886280.0,3,3,5,3
AE10471,2023,Pria,2.95,0,1,4,3,Bekerja,TIK,Middle,Magang,Jawa Barat,Portal Kerja,5.9,12184613.0,5,4,10,5
AE10472,2021,Wanita,3.52,1,1,3,4,Studi Lanjut,Manufaktur,Middle,Kontrak,Jawa Barat,Portal Kerja,,,4,4,7,4
AE10473,2022,Wanita,3.44,1,0,3,5,Studi Lanjut,Konstruksi,Junior,Kontrak,DKI Jakarta,Konversi Magang,,,4,3,10,5
AE10474,2023,Pria,2.92,0,1,3,1,Bekerja,Konstruksi,Senior,Kontrak,Banten,Portal Kerja,7.3,13740934.0,4,3,8,4
AE10475,2023,Wanita,3.22,0,0,2,3,Bekerja,TIK,Junior,Tetap,DKI Jakarta,Portal Kerja,9.0,8410888.0,3,3,6,4
AE10476,2022,Pria,3.19,1,1,4,3,Bekerja,Manufaktur,Middle,Kontrak,DKI Jakarta,Media Sosial,10.1,7786346.0,5,4,8,5
AE10477,2022,Wanita,3.39,1,0,2,4,Bekerja,Konstruksi,Junior,Kontrak,DKI Jakarta,Portal Kerja,8.0,4661048.0,5,2,7,3
AE10478,2020,Wanita,3.28,1,1,5,6,Bekerja,Telekom,Senior,Tetap,Jawa Timur,Referensi,4.4,14666858.0,4,3,7,5
AE10479,2024,Wanita,3.2,1,0,2,4,Bekerja,TIK,Junior,Kontrak,Jawa Timur,Referensi,2.0,8649977.0,3,3,7,3
AE10480,2024,Pria,3.16,1,0,2,2,Bekerja,Konstruksi,Junior,Kontrak,Jawa Timur,Referensi,3.3,7640426.0,3,4,8,4
AE10481,2023,Wanita,3.08,1,0,3,5,Belum Bekerja,Konstruksi,Junior,Kontrak,Jawa Barat,Portal Kerja,,,4,5,9,4
AE10482,2023,Wanita,3.38,0,0,3,2,Wirausaha,Energi,Junior,Tetap,Jawa Barat,Portal Kerja,4.6,8149680.0,2,4,8,4
AE10483,2024,Pria,2.77,1,1,5,7,Belum Bekerja,Manufaktur,Junior,Kontrak,DKI Jakarta,Portal Kerja,,,3,3,5,4
AE10484,2023,Pria,3.01,0,0,3,5,Belum Bekerja,Manufaktur,Junior,Tetap,DI Yogyakarta,Portal Kerja,,,4,2,7,4
AE10485,2022,Wanita,2.86,0,1,4,3,Belum Bekerja,TIK,Middle,Tetap,Jawa Timur,Referensi,,,4,2,9,5
AE10486,2022,Pria,3.07,0,0,3,2,Studi Lanjut,Energi,Intern/Apprentice,Kontrak,Jawa Tengah,Portal Kerja,,,3,3,6,4
AE10487,2022,Pria,3.78,1,0,3,4,Belum Bekerja,Konstruksi,Junior,Magang,DKI Jakarta,Media Sosial,,,4,3,9,3
AE10488,2023,Pria,3.39,0,0,4,3,Bekerja,Manufaktur,Intern/Apprentice,Tetap,DKI Jakarta,Karir Kampus,8.1,3500000.0,4,3,7,3
AE10489,2024,Wanita,3.3,1,1,4,3,Bekerja,Telekom,Junior,Kontrak,DKI Jakarta,Referensi,3.4,8018676.0,3,2,8,3
AE10490,2024,Wanita,2.84,1,1,4,6,Bekerja,Telekom,Junior,Tetap,DKI Jakarta,Portal Kerja,3.6,8464211.0,4,4,10,4
AE10491,2020,Pria,2.92,1,0,4,2,Studi Lanjut,Energi,Senior,Tetap,Jawa Barat,Media Sosial,,,4,4,9,5
AE10492,2020,Pria,2.91,1,1,2,5,Studi Lanjut,TIK,Junior,Tetap,Jawa Barat,Konversi Magang,,,4,5,8,2
AE10493,2023,Pria,3.36,1,0,4,5,Belum Bekerja,Manufaktur,Junior,Kontrak,DKI Jakarta,Referensi,,,5,3,7,4
AE10494,2024,Pria,3.05,0,1,4,1,Wirausaha,TIK,Junior,Magang,Jawa Timur,Konversi Magang,7.4,10517119.0,5,4,10,3
AE10495,2023,Pria,3.13,1,1,3,2,Bekerja,Pendidikan,Junior,Tetap,Jawa Barat,Referensi,3.8,5378221.0,4,5,7,3
AE10496,2023,Pria,2.63,0,0,4,1,Studi Lanjut,Pendidikan,Junior,Tetap,DKI Jakarta,Karir Kampus,,,3,5,9,4
AE10497,2021,Pria,3.24,1,0,4,1,Bekerja,TIK,Junior,Tetap,Jawa Barat,Portal Kerja,1.3,7052409.0,5,3,9,4
AE10498,2023,Pria,3.38,0,0,4,6,Bekerja,Telekom,Junior,Tetap,DI Yogyakarta,Referensi,5.7,6274293.0,3,3,9,4
AE10499,2021,Pria,3.15,1,0,3,1,Bekerja,Manufaktur,Junior,Magang,Jawa Barat,Referensi,6.6,6515687.0,3,2,8,3
AE10500,2020,Pria,3.58,0,1,2,3,Wirausaha,Konstruksi,Junior,Tetap,DKI Jakarta,Karir Kampus,1.4,6958007.0,2,4,7,4
AE10501,2023,Pria,2.93,1,0,2,4,Studi Lanjut,Pemerintahan,Junior,Tetap,Jawa Timur,Portal Kerja,,,4,3,5,4
AE10502,2024,Pria,3.14,0,0,3,2,Bekerja,TIK,Junior,Kontrak,DKI Jakarta,Karir Kampus,1.8,7892992.0,4,4,4,4
AE10503,2022,Pria,3.54,0,0,2,8,Bekerja,Energi,Junior,Tetap,Jawa Barat,Media Sosial,8.1,6933543.0,4,5,9,5
AE10504,2023,Pria,3.15,1,1,3,3,Belum Bekerja,Konstruksi,Junior,Tetap,Jawa Tengah,Referensi,,,4,4,8,2
AE10505,2022,Pria,2.94,1,0,3,0,Studi Lanjut,Lainnya,Middle,Kontrak,DKI Jakarta,Portal Kerja,,,3,4,7,4
AE10506,2021,Wanita,3.6,1,0,3,4,Belum Bekerja,TIK,Junior,Tetap,Jawa Barat,Portal Kerja,,,4,4,10,4
AE10507,2020,Pria,3.23,0,1,4,5,Wirausaha,Konstruksi,Middle,Tetap,DKI Jakarta,Portal Kerja,6.3,7404398.0,5,3,10,3
AE10508,2022,Pria,3.46,0,1,4,6,Bekerja,Energi,Middle,Tetap,Jawa Barat,Inisiatif Pribadi,3.2,9984248.0,3,5,6,4
AE10509,2023,Pria,3.57,1,0,2,1,Bekerja,Manufaktur,Junior,Tetap,DI Yogyakarta,Konversi Magang,0.2,6898782.0,4,3,6,4
AE10510,2020,Pria,2.98,0,0,5,2,Studi Lanjut,Energi,Middle,Magang,DKI Jakarta,Portal Kerja,,,2,3,10,3
AE10511,2021,Pria,3.05,1,0,5,2,Belum Bekerja,Lainnya,Junior,Kontrak,Jawa Tengah,Konversi Magang,,,4,4,7,4
AE10512,2022,Wanita,3.3,0,0,2,4,Bekerja,Pendidikan,Middle,Tetap,Jawa Barat,Karir Kampus,6.1,6970856.0,4,3,4,4
AE10513,2020,Pria,2.85,1,0,4,4,Bekerja,Manufaktur,Junior,Tetap,DKI Jakarta,Media Sosial,3.8,7306558.0,4,4,9,3
AE10514,2022,Wanita,3.28,0,0,4,2,Bekerja,Konstruksi,Middle,Tetap,Jawa Barat,Portal Kerja,1.2,9003947.0,4,3,8,4
AE10515,2022,Wanita,3.11,1,0,4,4,Wirausaha,Lainnya,Middle,Tetap,Jawa Tengah,Referensi,2.6,8421126.0,3,2,7,3
AE10516,2019,Wanita,2.97,1,1,2,4,Bekerja,Lainnya,Intern/Apprentice,Tetap,DI Yogyakarta,Referensi,0.7,3909809.0,2,3,7,4
AE10517,2022,Wanita,2.79,1,1,3,4,Bekerja,Konstruksi,Junior,Tetap,Jawa Barat,Konversi Magang,6.7,6295463.0,4,4,7,3
AE10518,2019,Pria,3.25,1,1,3,0,Bekerja,Telekom,Junior,Tetap,Jawa Tengah,Media Sosial,7.4,6996195.0,3,3,6,4
AE10519,2022,Wanita,2.99,1,0,3,2,Studi Lanjut,Telekom,Middle,Magang,Banten,Portal Kerja,,,4,4,8,5
AE10520,2022,Pria,3.37,0,1,2,6,Bekerja,Manufaktur,Junior,Tetap,Jawa Timur,Portal Kerja,6.8,5373610.0,5,3,8,4
AE10521,2022,Pria,3.35,1,0,1,3,Bekerja,TIK,Junior,Tetap,Jawa Timur,Referensi,6.5,9648403.0,4,4,5,4
AE10522,2020,Wanita,2.82,1,0,3,3,Bekerja,Keuangan,Junior,Kontrak,Jawa Timur,Inisiatif Pribadi,5.6,6603116.0,5,4,9,5
AE10523,2021,Pria,3.14,1,1,2,3,Bekerja,TIK,Middle,Kontrak,DKI Jakarta,Karir Kampus,0.0,10743762.0,1,3,6,4
AE10524,2021,Pria,2.81,1,0,3,4,Belum Bekerja,TIK,Junior,Kontrak,DKI Jakarta,Inisiatif Pribadi,,,4,4,10,5
AE10525,2019,Pria,3.48,1,1,3,4,Bekerja,Telekom,Junior,Tetap,Banten,Portal Kerja,4.1,6658541.0,4,3,6,4
AE10526,2020,Wanita,3.11,1,1,3,0,Bekerja,Telekom,Junior,Kontrak,DKI Jakarta,Portal Kerja,1.4,7389678.0,5,5,7,3
AE10527,2023,Wanita,3.01,0,1,2,4,Bekerja,Konstruksi,Junior,Tetap,Jawa Timur,Inisiatif Pribadi,7.7,7951277.0,4,4,5,5
AE10528,2024,Wanita,3.44,0,0,3,5,Bekerja,Lainnya,Middle,Tetap,Jawa Timur,Referensi,3.8,8569789.0,3,4,8,5
AE10529,2022,Pria,3.18,1,0,3,4,Belum Bekerja,Konstruksi,Junior,Kontrak,DKI Jakarta,Portal Kerja,,,3,5,7,4
AE10530,2019,Pria,3.7,1,0,2,2,Belum Bekerja,Manufaktur,Middle,Tetap,DKI Jakarta,Portal Kerja,,,5,3,7,4
AE10531,2020,Pria,3.29,1,0,4,3,Belum Bekerja,TIK,Middle,Tetap,Jawa Barat,Portal Kerja,,,4,3,7,4
AE10532,2021,Pria,3.57,0,0,3,2,Belum Bekerja,Manufaktur,Junior,Tetap,DI Yogyakarta,Referensi,,,4,5,7,4
AE10533,2019,Pria,3.09,1,0,4,6,Bekerja,Konstruksi,Junior,Tetap,Jawa Timur,Referensi,8.8,6263440.0,4,4,10,4
AE10534,2021,Pria,3.23,0,1,3,4,Bekerja,Konstruksi,Junior,Tetap,Jawa Barat,Referensi,0.5,6990804.0,3,4,7,3
AE10535,2019,Wanita,3.63,1,0,5,2,Belum Bekerja,Lainnya,Junior,Tetap,Jawa Timur,Konversi Magang,,,4,5,9,3
AE10536,2024,Pria,3.13,0,0,3,1,Bekerja,TIK,Junior,Kontrak,Jawa Barat,Konversi Magang,3.6,9546329.0,5,3,10,4
AE10537,2022,Wanita,3.8,1,1,3,5,Wirausaha,TIK,Middle,Tetap,Jawa Barat,Konversi Magang,7.1,6454873.0,5,4,9,3
AE10538,2022,Pria,3.04,0,0,4,3,Belum Bekerja,TIK,Junior,Tetap,Jawa Barat,Portal Kerja,,,4,5,10,5
AE10539,2020,Wanita,3.57,1,0,2,0,Studi Lanjut,Keuangan,Junior,Tetap,Jawa Barat,Karir Kampus,,,3,3,5,4
AE10540,2022,Pria,3.28,0,0,3,5,Wirausaha,Telekom,Junior,Kontrak,Jawa Barat,Portal Kerja,10.8,6152676.0,3,4,5,4
AE10541,2020,Pria,3.49,1,0,4,2,Belum Bekerja,Lainnya,Middle,Kontrak,DKI Jakarta,Konversi Magang,,,3,2,4,5
AE10542,2023,Pria,2.92,1,1,2,6,Bekerja,Pendidikan,Senior,Tetap,DI Yogyakarta,Konversi Magang,0.2,11303674.0,3,4,10,3
AE10543,2024,Pria,3.29,0,0,5,2,Bekerja,TIK,Junior,Kontrak,DKI Jakarta,Portal Kerja,7.7,8805704.0,5,2,6,4
AE10544,2021,Pria,3.32,1,0,4,5,Belum Bekerja,Telekom,Junior,Tetap,Jawa Barat,Karir Kampus,,,3,4,10,3
AE10545,2024,Pria,2.83,1,0,3,4,Bekerja,Pemerintahan,Middle,Kontrak,DKI Jakarta,Referensi,8.3,7787941.0,5,3,10,5
AE10546,2024,Pria,3.0,0,1,2,7,Belum Bekerja,Pemerintahan,Junior,Tetap,DKI Jakarta,Inisiatif Pribadi,,,3,4,10,5
AE10547,2022,Pria,3.44,0,1,3,2,Bekerja,Konstruksi,Intern/Apprentice,Tetap,Jawa Barat,Media Sosial,0.0,3500000.0,3,4,8,3
AE10548,2023,Pria,3.37,0,0,3,1,Bekerja,Lainnya,Intern/Apprentice,Kontrak,Jawa Barat,Referensi,8.6,3500000.0,4,4,6,4
AE10549,2021,Pria,3.72,1,1,4,4,Bekerja,Lainnya,Middle,Tetap,Jawa Timur,Portal Kerja,4.9,7367912.0,5,4,10,5
AE10550,2022,Wanita,3.43,1,1,3,4,Bekerja,TIK,Junior,Magang,DI Yogyakarta,Referensi,3.7,7063162.0,3,5,8,4
AE10551,2021,Wanita,3.1,0,1,4,4,Bekerja,TIK,Junior,Magang,Jawa Barat,Referensi,6.5,7159628.0,3,3,9,5
AE10552,2023,Pria,2.69,1,0,5,5,Belum Bekerja,Manufaktur,Junior,Tetap,DKI Jakarta,Inisiatif Pribadi,,,5,5,5,4
AE10553,2023,Pria,3.05,1,1,3,1,Bekerja,Konstruksi,Junior,Tetap,Jawa Tengah,Portal Kerja,5.4,6208646.0,2,3,10,2
AE10554,2022,Pria,3.11,0,1,3,4,Bekerja,Keuangan,Junior,Tetap,Jawa Barat,Media Sosial,7.3,7527626.0,4,3,6,4
AE10555,2021,Pria,3.6,1,0,3,5,Bekerja,TIK,Middle,Tetap,DKI Jakarta,Portal Kerja,1.4,11047660.0,5,4,10,4
AE10556,2023,Pria,3.74,1,0,4,1,Bekerja,Pendidikan,Middle,Tetap,DKI Jakarta,Portal Kerja,6.7,7834286.0,2,3,8,4
AE10557,2020,Wanita,3.39,1,0,3,7,Belum Bekerja,Lainnya,Junior,Tetap,Jawa Barat,Portal Kerja,,,1,4,10,4
AE10558,2021,Wanita,3.6,1,0,3,3,Studi Lanjut,Energi,Junior,Magang,DKI Jakarta,Portal Kerja,,,3,3,4,3
AE10559,2022,Pria,3.5,0,1,3,5,Bekerja,Konstruksi,Middle,Tetap,Jawa Barat,Konversi Magang,0.2,11293492.0,4,4,9,2
AE10560,2022,Pria,2.85,1,0,3,0,Studi Lanjut,Manufaktur,Intern/Apprentice,Tetap,Jawa Tengah,Konversi Magang,,,5,3,10,3
AE10561,2021,Pria,3.36,0,1,2,1,Bekerja,Manufaktur,Middle,Tetap,Jawa Barat,Konversi Magang,9.6,10038182.0,3,3,8,3
AE10562,2019,Pria,2.72,1,1,4,6,Bekerja,Pemerintahan,Middle,Tetap,Jawa Barat,Referensi,6.2,9020284.0,4,4,7,4
AE10563,2024,Wanita,3.6,0,0,3,2,Bekerja,Telekom,Junior,Tetap,Jawa Timur,Konversi Magang,0.0,7911393.0,5,3,7,4
AE10564,2021,Pria,2.99,1,0,2,6,Studi Lanjut,TIK,Junior,Tetap,Lainnya,Konversi Magang,,,2,5,4,5
AE10565,2021,Pria,2.84,1,0,3,3,Studi Lanjut,Lainnya,Senior,Kontrak,Jawa Barat,Konversi Magang,,,5,3,6,4
AE10566,2019,Pria,2.71,1,0,4,5,Bekerja,Keuangan,Middle,Tetap,DKI Jakarta,Portal Kerja,1.2,9373875.0,4,3,7,3
AE10567,2023,Pria,3.09,0,0,3,4,Bekerja,Manufaktur,Middle,Kontrak,DKI Jakarta,Konversi Magang,8.4,8871423.0,5,4,8,5
AE10568,2024,Wanita,3.37,1,1,4,3,Bekerja,Manufaktur,Junior,Tetap,Jawa Timur,Portal Kerja,2.2,6495139.0,3,4,6,5
AE10569,2020,Wanita,3.53,1,0,3,3,Bekerja,Konstruksi,Intern/Apprentice,Tetap,Jawa Timur,Portal Kerja,7.7,3770791.0,2,3,6,3
AE10570,2021,Pria,2.86,0,0,4,3,Bekerja,Manufaktur,Junior,Tetap,Jawa Barat,Karir Kampus,1.0,8368852.0,3,4,6,3
AE10571,2019,Wanita,3.25,1,0,3,3,Wirausaha,Konstruksi,Junior,Kontrak,DKI Jakarta,Inisiatif Pribadi,2.4,6136750.0,3,3,8,4
AE10572,2021,Wanita,3.41,1,0,4,3,Bekerja,Keuangan,Middle,Tetap,Jawa Timur,Media Sosial,0.3,8785108.0,4,5,3,3
AE10573,2019,Pria,3.44,0,1,3,4,Bekerja,Manufaktur,Junior,Tetap,DKI Jakarta,Portal Kerja,0.0,6784154.0,3,4,10,4
AE10574,2024,Wanita,3.32,1,1,3,3,Wirausaha,Manufaktur,Intern/Apprentice,Tetap,Jawa Barat,Media Sosial,5.5,4547883.0,5,3,6,4
AE10575,2024,Pria,3.22,1,1,3,2,Bekerja,TIK,Senior,Tetap,Jawa Barat,Portal Kerja,3.1,12379010.0,4,3,8,4
AE10576,2019,Pria,3.18,1,0,3,2,Bekerja,Pemerintahan,Junior,Tetap,Jawa Tengah,Referensi,0.0,5838318.0,4,4,4,3
AE10577,2022,Wanita,2.88,1,0,4,8,Bekerja,Energi,Intern/Apprentice,Tetap,DKI Jakarta,Media Sosial,7.5,4473968.0,4,4,7,3
AE10578,2019,Pria,3.23,0,0,1,3,Bekerja,Pemerintahan,Junior,Tetap,DKI Jakarta,Portal Kerja,6.2,5117970.0,3,3,10,4
AE10579,2020,Pria,3.37,1,0,2,0,Bekerja,TIK,Junior,Tetap,Jawa Timur,Karir Kampus,2.0,9131352.0,3,2,10,5
AE10580,2022,Pria,2.79,1,0,3,5,Bekerja,TIK,Junior,Kontrak,Jawa Timur,Referensi,3.8,8147421.0,5,3,10,3
AE10581,2019,Wanita,3.64,1,0,3,6,Studi Lanjut,Energi,Junior,Magang,DKI Jakarta,Portal Kerja,,,4,4,10,4
AE10582,2020,Pria,3.23,1,1,4,5,Bekerja,TIK,Middle,Magang,Jawa Tengah,Media Sosial,5.3,8813129.0,4,5,7,5
AE10583,2020,Pria,3.47,1,0,4,5,Bekerja,Manufaktur,Junior,Tetap,Jawa Tengah,Portal Kerja,2.5,7703699.0,4,3,10,3
AE10584,2023,Wanita,3.15,1,0,2,7,Belum Bekerja,Pemerintahan,Junior,Magang,Jawa Timur,Portal Kerja,,,4,5,7,3
AE10585,2022,Pria,3.56,1,1,5,5,Studi Lanjut,Energi,Middle,Tetap,Jawa Timur,Referensi,,,4,3,8,4
AE10586,2019,Wanita,2.95,0,0,2,3,Belum Bekerja,Energi,Junior,Kontrak,Jawa Barat,Referensi,,,3,4,5,4
AE10587,2019,Wanita,3.28,1,0,3,2,Studi Lanjut,Lainnya,Intern/Apprentice,Kontrak,Jawa Barat,Media Sosial,,,4,4,6,3
AE10588,2023,Wanita,2.34,1,0,4,5,Bekerja,TIK,Junior,Tetap,Jawa Tengah,Portal Kerja,5.4,9395196.0,4,4,5,5
AE10589,2022,Pria,3.58,1,0,5,5,Bekerja,Lainnya,Intern/Apprentice,Tetap,DKI Jakarta,Referensi,3.4,3500000.0,4,4,8,4
AE10590,2020,Wanita,3.48,1,1,3,1,Bekerja,TIK,Intern/Apprentice,Tetap,Jawa Timur,Portal Kerja,2.4,5293539.0,4,4,10,5
AE10591,2021,Wanita,3.46,1,0,3,1,Bekerja,Telekom,Senior,Magang,Lainnya,Karir Kampus,2.9,14151814.0,4,4,9,4
AE10592,2021,Wanita,2.99,1,0,3,4,Bekerja,Manufaktur,Junior,Kontrak,Jawa Tengah,Portal Kerja,0.0,6689873.0,4,4,8,3
AE10593,2023,Pria,3.28,1,0,4,4,Belum Bekerja,Telekom,Junior,Tetap,Jawa Timur,Referensi,,,4,4,9,5
AE10594,2020,Pria,3.27,0,1,3,5,Bekerja,TIK,Middle,Tetap,Jawa Barat,Karir Kampus,8.7,11002777.0,5,2,8,3
AE10595,2021,Wanita,3.19,1,1,4,3,Bekerja,TIK,Junior,Tetap,Jawa Barat,Portal Kerja,1.4,9207390.0,4,4,7,3
AE10596,2021,Wanita,2.74,1,0,2,5,Bekerja,Manufaktur,Junior,Tetap,DKI Jakarta,Media Sosial,5.5,6816168.0,4,2,6,4
AE10597,2019,Pria,3.55,1,0,4,3,Studi Lanjut,Manufaktur,Middle,Kontrak,Jawa Timur,Referensi,,,3,3,5,3
AE10598,2022,Wanita,2.79,1,1,3,3,Bekerja,Konstruksi,Middle,Kontrak,DKI Jakarta,Media Sosial,9.0,9260342.0,5,4,8,4
AE10599,2022,Wanita,2.3,1,1,3,3,Bekerja,Pendidikan,Junior,Tetap,Jawa Barat,Portal Kerja,1.8,5268272.0,3,4,4,4
AE10600,2019,Wanita,3.08,1,1,5,3,Studi Lanjut,TIK,Junior,Tetap,Jawa Barat,Referensi,,,4,2,7,4
AE10601,2020,Pria,3.38,1,0,3,2,Bekerja,Keuangan,Junior,Tetap,Jawa Barat,Referensi,2.5,7492613.0,3,5,9,4
AE10602,2023,Pria,3.06,1,0,3,4,Studi Lanjut,Pendidikan,Junior,Kontrak,Banten,Referensi,,,5,3,10,2
AE10603,2023,Wanita,3.72,0,1,4,3,Bekerja,Telekom,Middle,Tetap,Banten,Portal Kerja,5.8,8552853.0,3,4,9,4
AE10604,2023,Wanita,3.52,1,1,4,3,Bekerja,Konstruksi,Middle,Kontrak,Jawa Timur,Karir Kampus,5.5,9444804.0,5,2,9,5
AE10605,2022,Wanita,3.26,1,1,3,2,Bekerja,Manufaktur,Junior,Tetap,DI Yogyakarta,Referensi,3.4,6474595.0,5,4,6,4
AE10606,2022,Pria,3.78,1,0,3,1,Studi Lanjut,Pemerintahan,Junior,Tetap,DKI Jakarta,Portal Kerja,,,3,4,10,4
AE10607,2023,Pria,3.31,1,0,2,3,Bekerja,Konstruksi,Junior,Tetap,Jawa Tengah,Portal Kerja,1.5,6387542.0,3,4,10,4
AE10608,2022,Pria,3.27,1,0,3,2,Bekerja,Lainnya,Junior,Tetap,Jawa Barat,Konversi Magang,12.5,6939463.0,2,2,9,4
AE10609,2019,Wanita,3.1,0,1,4,2,Wirausaha,Telekom,Senior,Kontrak,Jawa Barat,Portal Kerja,3.1,14328037.0,2,2,5,4
AE10610,2023,Pria,2.82,1,0,3,7,Studi Lanjut,Manufaktur,Junior,Tetap,Jawa Timur,Inisiatif Pribadi,,,4,1,7,5
AE10611,2024,Pria,3.63,1,1,2,4,Studi Lanjut,Konstruksi,Junior,Tetap,DKI Jakarta,Konversi Magang,,,3,3,9,5
AE10612,2024,Pria,2.78,1,0,3,4,Wirausaha,Energi,Junior,Tetap,Jawa Barat,Media Sosial,6.5,6540452.0,2,3,10,4
AE10613,2022,Wanita,3.37,1,0,2,2,Bekerja,Manufaktur,Junior,Kontrak,Jawa Barat,Portal Kerja,5.3,6836666.0,4,4,8,4
AE10614,2022,Wanita,2.75,1,1,4,1,Belum Bekerja,Konstruksi,Junior,Magang,DKI Jakarta,Portal Kerja,,,4,3,7,3
AE10615,2023,Pria,3.42,1,1,4,2,Belum Bekerja,Konstruksi,Junior,Tetap,Jawa Timur,Portal Kerja,,,3,5,6,4
AE10616,2020,Wanita,3.08,1,0,2,4,Bekerja,Pendidikan,Junior,Tetap,Jawa Barat,Konversi Magang,6.2,4702386.0,4,3,8,2
AE10617,2021,Wanita,2.96,1,1,4,1,Bekerja,Lainnya,Middle,Kontrak,DI Yogyakarta,Portal Kerja,7.0,8362753.0,4,4,7,4
AE10618,2020,Pria,3.13,1,0,4,3,Bekerja,Manufaktur,Junior,Tetap,Jawa Timur,Referensi,4.1,6280035.0,3,4,10,3
AE10619,2020,Pria,3.27,1,0,3,4,Bekerja,TIK,Senior,Tetap,Jawa Barat,Karir Kampus,4.0,13504790.0,2,3,7,3
AE10620,2022,Pria,3.25,1,1,2,7,Bekerja,Keuangan,Junior,Tetap,DKI Jakarta,Konversi Magang,4.8,9169831.0,4,3,8,4
AE10621,2021,Pria,3.41,1,0,3,2,Wirausaha,TIK,Junior,Tetap,DKI Jakarta,Referensi,8.0,7823478.0,5,5,10,3
AE10622,2021,Pria,3.25,1,0,4,5,Belum Bekerja,Energi,Junior,Tetap,Jawa Barat,Portal Kerja,,,5,3,3,3
AE10623,2021,Wanita,3.59,1,0,4,5,Bekerja,Konstruksi,Junior,Magang,DKI Jakarta,Portal Kerja,6.9,6799290.0,4,1,7,4
AE10624,2019,Pria,3.39,1,0,1,5,Bekerja,Konstruksi,Junior,Tetap,Jawa Tengah,Referensi,0.0,6851717.0,1,2,6,3
AE10625,2019,Pria,3.22,1,1,3,6,Bekerja,TIK,Senior,Tetap,Jawa Barat,Referensi,5.5,14306801.0,5,4,5,3
AE10626,2022,Pria,3.16,1,0,3,5,Bekerja,Lainnya,Intern/Apprentice,Kontrak,Jawa Timur,Media Sosial,4.6,3726894.0,4,3,10,3
AE10627,2023,Pria,2.75,0,0,2,2,Studi Lanjut,TIK,Junior,Tetap,Jawa Timur,Inisiatif Pribadi,,,4,3,9,3
AE10628,2022,Pria,3.8,0,1,3,4,Bekerja,Manufaktur,Intern/Apprentice,Kontrak,Jawa Timur,Konversi Magang,5.2,3500000.0,3,4,5,4
AE10629,2019,Wanita,3.58,1,0,4,6,Bekerja,TIK,Middle,Kontrak,DKI Jakarta,Konversi Magang,0.0,11222405.0,4,3,6,4
AE10630,2021,Wanita,2.91,0,1,4,3,Bekerja,Manufaktur,Junior,Kontrak,Jawa Timur,Media Sosial,5.0,7517362.0,3,3,5,4
AE10631,2022,Wanita,3.82,0,1,4,2,Bekerja,TIK,Middle,Tetap,Jawa Barat,Portal Kerja,5.5,10491524.0,3,3,7,3
AE10632,2021,Wanita,3.07,1,1,5,3,Belum Bekerja,TIK,Senior,Kontrak,Jawa Barat,Inisiatif Pribadi,,,3,4,5,4
AE10633,2021,Pria,2.91,0,1,3,6,Bekerja,Keuangan,Junior,Tetap,DKI Jakarta,Karir Kampus,5.7,7839153.0,2,4,5,4
AE10634,2024,Pria,3.61,0,0,3,1,Bekerja,Manufaktur,Middle,Tetap,Jawa Barat,Portal Kerja,5.9,10830267.0,5,4,7,4
AE10635,2021,Pria,3.5,1,1,2,1,Bekerja,Pendidikan,Junior,Tetap,Jawa Tengah,Portal Kerja,8.1,4238775.0,2,4,5,3
AE10636,2023,Pria,3.09,1,1,4,5,Belum Bekerja,Konstruksi,Middle,Kontrak,Jawa Barat,Portal Kerja,,,4,3,6,3
AE10637,2022,Wanita,3.44,1,0,4,2,Bekerja,Konstruksi,Senior,Tetap,Jawa Barat,Referensi,5.2,13438273.0,4,4,9,3
AE10638,2023,Pria,3.51,1,1,3,3,Bekerja,Energi,Junior,Kontrak,Jawa Tengah,Portal Kerja,6.0,6685265.0,3,5,9,4
AE10639,2020,Pria,2.93,0,1,3,3,Bekerja,TIK,Intern/Apprentice,Tetap,DKI Jakarta,Portal Kerja,5.1,4395730.0,5,5,10,3
AE10640,2019,Wanita,2.79,0,1,3,7,Studi Lanjut,Telekom,Middle,Tetap,DKI Jakarta,Konversi Magang,,,4,4,7,4
AE10641,2021,Wanita,3.17,1,0,3,2,Belum Bekerja,Pemerintahan,Intern/Apprentice,Tetap,DKI Jakarta,Portal Kerja,,,3,5,8,3
AE10642,2023,Pria,3.39,1,0,4,5,Bekerja,Lainnya,Middle,Kontrak,DKI Jakarta,Referensi,5.7,8692238.0,5,4,9,3
AE10643,2022,Pria,3.11,0,1,2,2,Bekerja,Lainnya,Middle,Tetap,Jawa Timur,Media Sosial,4.7,8853578.0,3,2,10,3
AE10644,2022,Pria,3.61,0,0,3,0,Bekerja,Telekom,Intern/Apprentice,Tetap,DKI Jakarta,Karir Kampus,0.8,3500000.0,3,4,6,2
AE10645,2024,Wanita,3.08,0,1,4,2,Bekerja,Konstruksi,Junior,Kontrak,Jawa Tengah,Portal Kerja,1.3,7234305.0,4,4,7,5
AE10646,2022,Wanita,3.5,0,0,3,5,Bekerja,Konstruksi,Middle,Tetap,Jawa Barat,Media Sosial,6.5,9708281.0,5,4,10,5
AE10647,2023,Pria,3.17,1,0,3,3,Bekerja,Telekom,Intern/Apprentice,Kontrak,Lainnya,Media Sosial,3.2,4018394.0,4,5,10,4
AE10648,2019,Pria,2.94,1,0,3,5,Studi Lanjut,Energi,Junior,Tetap,Jawa Barat,Referensi,,,3,4,9,4
AE10649,2023,Pria,3.57,0,1,2,6,Bekerja,Energi,Junior,Tetap,Jawa Tengah,Inisiatif Pribadi,3.2,7307043.0,5,3,9,5
